"id","Kategorie","Name","Partei","Wahlkreis","Geschlecht","Kommentar","Bild","tags","Wikipedia_URL","Homepage_URL","SM_Twitter_user","SM_Twitter_id","SM_Twitter_verifiziert","SM_Facebook_id","SM_Facebook_user","SM_Facebook_verifiziert","SM_Youtube_user","SM_Youtube_id","SM_Youtube_verifiziert","SM_Instagram_user","SM_Instagram_id","SM_Instagram_verifiziert","SM_Telegram_user","SM_Telegram_id","SM_Telegram_verifiziert","created_at","created_by","modified_at","modified_by"
"fd83862b-b3f0-4fc1-95b4-4a54a7322495","Partei insgesamt - Bund","Christlich Demokratische Union Deutschlands (CDU)","CDU – Christlich Demokratische Union Deutschlands","",NA,"","","","","","CDU","20429858","FALSE","","","FALSE","","","","","","","","","","2021-07-19T14:09:28Z","dboes-translator","2021-08-28 22:57:06","smo"
"714c527a-5ee6-4ae2-ac13-e061133dfd87","Partei insgesamt - Land","CDU Baden-Württemberg","CDU – Christlich Demokratische Union Deutschlands","",NA,"","","","","","CDU_BW","20765133","","","","","","","","","","","","","","2021-07-19T14:09:28Z","dboes-translator","",""
"59198f25-772f-4b2b-8e94-c8c3ab6d15b8","Partei insgesamt - Land","CDU Berlin","CDU – Christlich Demokratische Union Deutschlands","",NA,"","","","","","cduberlin","710056196145868800","","","","","","","","","","","","","","2021-07-19T14:09:28Z","dboes-translator","",""
"9fc42e7f-8277-493c-9163-2946993cbefc","Partei insgesamt - Land","CDU Brandenburg","CDU – Christlich Demokratische Union Deutschlands","",NA,"","","","","","CDU_Brandenburg","309048092","","","","","","","","","","","","","","2021-07-19T14:09:28Z","dboes-translator","",""
"b8dc0e1a-fdd8-42bd-91e0-589c259b8aca","Partei insgesamt - Land","CDU Bremen","CDU – Christlich Demokratische Union Deutschlands","",NA,"","","","","","CDUBremen","2445476137","","","","","","","","","","","","","","2021-07-19T14:09:28Z","dboes-translator","",""
"e286b6f7-2e4d-4e6c-90d2-a6ce5f649b04","Partei insgesamt - Land","CDU Hamburg","CDU – Christlich Demokratische Union Deutschlands","",NA,"","","","","","CDU_Hamburg","467282887","","","","","","","","","","","","","","2021-07-19T14:09:28Z","dboes-translator","",""
"b5a5318d-32bd-4044-8c37-4150266ebe5c","Partei insgesamt - Land","CDU Hessen","CDU – Christlich Demokratische Union Deutschlands","",NA,"","","","","","cdu_hessen","15833695","","","","","","","","","","","","","","2021-07-19T14:09:28Z","dboes-translator","",""
"7064f0a1-54c5-49e8-a5e8-0c751034a06f","Partei insgesamt - Land","CDU Mecklenburg-Vorpommern","CDU – Christlich Demokratische Union Deutschlands","",NA,"","","","","","CDUMV","22338642","","","","","","","","","","","","","","2021-07-19T14:09:28Z","dboes-translator","",""
"a5ef2560-d998-4d27-b948-bcf90d45df4d","Partei insgesamt - Land","CDU Niedersachsen","CDU – Christlich Demokratische Union Deutschlands","",NA,"","","","","","CDUNds","16009418","","","","","","","","","","","","","","2021-07-19T14:09:28Z","dboes-translator","",""
"38ba0bf2-3fe4-4832-bf56-b5da994595fe","Partei insgesamt - Land","CDU Nordrhein-Westfalen","CDU – Christlich Demokratische Union Deutschlands","",NA,"","","","","","CDUNRW_de","102371677","","","","","","","","","","","","","","2021-07-19T14:09:28Z","dboes-translator","",""
"e2262a6e-442a-4941-bbac-d8b2e1cd788f","Partei insgesamt - Land","CDU Rheinland-Pfalz","CDU – Christlich Demokratische Union Deutschlands","",NA,"","","","","","cdurlp","57641158","","","","","","","","","","","","","","2021-07-19T14:09:28Z","dboes-translator","",""
"472589a8-7fdd-4f83-9386-56603850b185","Partei insgesamt - Land","CDU Saarland","CDU – Christlich Demokratische Union Deutschlands","",NA,"","","","","","cdu_saar","26521316","","","","","","","","","","","","","","2021-07-19T14:09:28Z","dboes-translator","",""
"7a2d73d1-8bd8-45db-8740-befc3dbedad7","Partei insgesamt - Land","CDU Sachsen","CDU – Christlich Demokratische Union Deutschlands","",NA,"","","","","","cdusachsen","59154583","","","","","","","","","","","","","","2021-07-19T14:09:28Z","dboes-translator","",""
"ee828eff-d6d7-4c90-8335-f20297000923","Partei insgesamt - Land","CDU Sachsen-Anhalt","CDU – Christlich Demokratische Union Deutschlands","",NA,"","","","","","cdu_lsa","226913831","","","","","","","","","","","","","","2021-07-19T14:09:28Z","dboes-translator","",""
"f75149dc-7fc7-4aea-8435-b34a29b877cc","Partei insgesamt - Land","CDU Schleswig-Holstein","CDU – Christlich Demokratische Union Deutschlands","",NA,"","","","","","SH_CDU","620307104","","","","","","","","","","","","","","2021-07-19T14:09:28Z","dboes-translator","",""
"6af920eb-764f-45cd-83ad-4a09b4d16105","Partei insgesamt - Land","CDU Thüringen","CDU – Christlich Demokratische Union Deutschlands","",NA,"","","","","","cdu_thueringen","23454769","","","","","","","","","","","","","","2021-07-19T14:09:28Z","dboes-translator","",""
"dab8b7ad-6c7e-4c5f-9804-6ef9d600a723","Jugendorganisation - Bund","Junge Union","CDU – Christlich Demokratische Union Deutschlands","",NA,"","","","","","Junge_Union","17005237","","","","","","","","","","","","","","2021-07-19T14:09:28Z","dboes-translator","",""
"d2bf9102-dca8-40ed-97b5-3a3fcfac2691","Jugendorganisation - Land","Junge Union Baden-Württemberg","CDU – Christlich Demokratische Union Deutschlands","",NA,"","","","","","jubw","19208378","","","","","","","","","","","","","","2021-07-19T14:09:28Z","dboes-translator","",""
"5417c931-12d2-4428-aa1e-8d6ee3460ee1","Jugendorganisation - Land","Junge Union Bayern","CDU – Christlich Demokratische Union Deutschlands","",NA,"","","","","","jubayern","252603100","","","","","","","","","","","","","","2021-07-19T14:09:28Z","dboes-translator","",""
"ceb09e3c-f349-49aa-9fa7-923801476795","Jugendorganisation - Land","Junge Union Berlin","CDU – Christlich Demokratische Union Deutschlands","",NA,"","","","","","JUBerlin","22140750","","","","","","","","","","","","","","2021-07-19T14:09:28Z","dboes-translator","",""
"3517cd2d-16ce-4c81-860c-ab65cf200da4","Jugendorganisation - Land","Junge Union Brandenburg","CDU – Christlich Demokratische Union Deutschlands","",NA,"","","","","","JU_Brandenburg","57939732","","","","","","","","","","","","","","2021-07-19T14:09:28Z","dboes-translator","",""
"cbcc1817-4adb-473c-a876-2de9a44a0c2f","Jugendorganisation - Land","Junge Union Bremen","CDU – Christlich Demokratische Union Deutschlands","",NA,"","","","","","JU_Bremen","29695774","","","","","","","","","","","","","","2021-07-19T14:09:28Z","dboes-translator","",""
"caa4a09e-ad86-4d60-947c-89e5eee3bb99","Jugendorganisation - Land","Junge Union Hamburg","CDU – Christlich Demokratische Union Deutschlands","",NA,"","","","","","JUHamburg","48417650","","","","","","","","","","","","","","2021-07-19T14:09:28Z","dboes-translator","",""
"fe0572b9-d815-43fb-a204-bac56b79e0e5","Jugendorganisation - Land","Junge Union Hessen","CDU – Christlich Demokratische Union Deutschlands","",NA,"","","","","","juhessen","18785380","","","","","","","","","","","","","","2021-07-19T14:09:28Z","dboes-translator","",""
"bb36be1c-3cd0-49cd-8b54-78d5f8418b6f","Jugendorganisation - Land","Junge Union Mecklenburg-Vorpommern","CDU – Christlich Demokratische Union Deutschlands","",NA,"","","","","","JungeUnionMV","23422601","","","","","","","","","","","","","","2021-07-19T14:09:28Z","dboes-translator","",""
"b7f81744-14e0-414a-9bf5-a5cb424ffe14","Jugendorganisation - Land","Junge Union Niedersachsen","CDU – Christlich Demokratische Union Deutschlands","",NA,"","","","","","JUniedersachsen","17960063","","","","","","","","","","","","","","2021-07-19T14:09:28Z","dboes-translator","",""
"696a8b9d-9623-4dc5-856a-37746915409b","Jugendorganisation - Land","Junge Union Nordrhein-Westfalen","CDU – Christlich Demokratische Union Deutschlands","",NA,"","","","","","JU_NRW","23575710","","","","","","","","","","","","","","2021-07-19T14:09:28Z","dboes-translator","",""
"4a12a5e4-74fc-4d7d-9f51-be1806beaa95","Jugendorganisation - Land","Junge Union Rheinland-Pfalz","CDU – Christlich Demokratische Union Deutschlands","",NA,"","","","","","JURLP","44319366","","","","","","","","","","","","","","2021-07-19T14:09:28Z","dboes-translator","",""
"cd7a5113-01ab-441f-b593-a0526a1dcc98","Jugendorganisation - Land","Junge Union Saarland","CDU – Christlich Demokratische Union Deutschlands","",NA,"","","","","","jusaar","21091292","","","","","","","","","","","","","","2021-07-19T14:09:28Z","dboes-translator","",""
"ee23c865-15ac-44a5-b15c-c838c496341b","Jugendorganisation - Land","Junge Union Sachsen","CDU – Christlich Demokratische Union Deutschlands","",NA,"","","","","","ju_sachsen","17249644","FALSE","","jungeunionsachsen","FALSE","","","","","","","","","","2021-07-19T14:09:28Z","dboes-translator","2021-07-19 16:13:01","user1"
"23442475-1708-42e9-8ffa-384cba27a4bc","Jugendorganisation - Land","Junge Union Sachsen-Anhalt","CDU – Christlich Demokratische Union Deutschlands","",NA,"","","","","","JU_LSA","242641831","","","","","","","","","","","","","","2021-07-19T14:09:28Z","dboes-translator","",""
"01870864-6908-4903-9f9d-55953301819c","Jugendorganisation - Land","Junge Union Schleswig-Holstein","CDU – Christlich Demokratische Union Deutschlands","",NA,"","","","","","JU_SH","27879608","","","","","","","","","","","","","","2021-07-19T14:09:28Z","dboes-translator","",""
"379c13d1-4acf-4314-b116-566b1509e466","Jugendorganisation - Land","Junge Union Thüringen","CDU – Christlich Demokratische Union Deutschlands","",NA,"","","","","","JU_Thueringen","23601772","","","","","","","","","","","","","","2021-07-19T14:09:28Z","dboes-translator","",""
"5fcf702c-82c3-4987-9682-71cda19cbdd7","Partei insgesamt - Bund","Sozialdemokratische Partei Deutschlands (SPD)","SPD – Sozialdemokratische Partei Deutschlands","",NA,"","","","","","spdde","26458162","","","","","","","","","","","","","","2021-07-19T14:09:28Z","dboes-translator","",""
"f17ac66d-dc51-4a6c-8adb-a4e439e58b99","Partei insgesamt - Land","SPD Baden-Württemberg","SPD – Sozialdemokratische Partei Deutschlands","",NA,"","","","","","spdbawue","19062136","","","","","","","","","","","","","","2021-07-19T14:09:28Z","dboes-translator","",""
"978c387f-96f1-405e-884f-a45010d2411d","Partei insgesamt - Land","SPD Bayern","SPD – Sozialdemokratische Partei Deutschlands","",NA,"","","","","","BayernSPD","39994751","","","","","","","","","","","","","","2021-07-19T14:09:28Z","dboes-translator","",""
"bfafa89d-3e95-4b5d-92dd-fa7f4d1b8387","Partei insgesamt - Land","SPD Berlin","SPD – Sozialdemokratische Partei Deutschlands","",NA,"","","","","","spdberlin","23145078","","","","","","","","","","","","","","2021-07-19T14:09:28Z","dboes-translator","",""
"a09a2749-4962-467e-8bb1-7ac719620cb5","Partei insgesamt - Land","SPD Brandenburg","SPD – Sozialdemokratische Partei Deutschlands","",NA,"","","","","","ostkurve","20461497","","","","","","","","","","","","","","2021-07-19T14:09:28Z","dboes-translator","",""
"4d814cff-f42f-4ee1-ad19-f48924f333b9","Partei insgesamt - Land","SPD Bremen","SPD – Sozialdemokratische Partei Deutschlands","",NA,"","","","","","SPDLandBremen","1857200773","","","","","","","","","","","","","","2021-07-19T14:09:28Z","dboes-translator","",""
"c7022cda-3900-4ea4-9df3-e60e6a5bdbc0","Partei insgesamt - Land","SPD Hamburg","SPD – Sozialdemokratische Partei Deutschlands","",NA,"","","","","","spdhh","20596523","","","","","","","","","","","","","","2021-07-19T14:09:28Z","dboes-translator","",""
"3811163c-4252-4811-9443-d26ef2403f59","Partei insgesamt - Land","SPD Hessen","SPD – Sozialdemokratische Partei Deutschlands","",NA,"","","","","","hessenSPD","635466500","","","","","","","","","","","","","","2021-07-19T14:09:28Z","dboes-translator","",""
"5f41a381-0745-4229-8302-c9c01a708592","Partei insgesamt - Land","SPD Mecklenburg-Vorpommern","SPD – Sozialdemokratische Partei Deutschlands","",NA,"","","","","","SPDMV","1285611955","","","","","","","","","","","","","","2021-07-19T14:09:28Z","dboes-translator","",""
"6a050c61-cb9d-4cb1-ba28-9daf196679ed","Partei insgesamt - Land","SPD Niedersachsen","SPD – Sozialdemokratische Partei Deutschlands","",NA,"","","","","","SPDNDS","17483704","","","","","","","","","","","","","","2021-07-19T14:09:28Z","dboes-translator","",""
"3c6851ca-1bc9-4fd5-8d0f-f3c3a58474e7","Partei insgesamt - Land","SPD Nordrhein-Westfalen","SPD – Sozialdemokratische Partei Deutschlands","",NA,"","","","","","nrwspd","14301745","","","","","","","","","","","","","","2021-07-19T14:09:28Z","dboes-translator","",""
"d525a6f3-7d68-4786-b4d1-6b69b06e3d45","Partei insgesamt - Land","SPD Rheinland-Pfalz","SPD – Sozialdemokratische Partei Deutschlands","",NA,"","","","","","spdrlp","24155607","","","","","","","","","","","","","","2021-07-19T14:09:28Z","dboes-translator","",""
"fd161feb-16fa-4dd5-b9f1-3b0dabac2ad8","Partei insgesamt - Land","SPD Saarland","SPD – Sozialdemokratische Partei Deutschlands","",NA,"","","","","","SPD_Saar","24674357","","","","","","","","","","","","","","2021-07-19T14:09:28Z","dboes-translator","",""
"da0c7fd1-dff8-4edd-9885-2d31f36ab321","Partei insgesamt - Land","SPD Sachsen","SPD – Sozialdemokratische Partei Deutschlands","",NA,"","","","","","SPDSachsen","46346999","","","","","","","","","","","","","","2021-07-19T14:09:28Z","dboes-translator","",""
"523e92e4-39d4-4ec1-b3a1-b692ae137816","Partei insgesamt - Land","SPD Sachsen-Anhalt","SPD – Sozialdemokratische Partei Deutschlands","",NA,"","","","","","SPD_LSA","105348313","","","","","","","","","","","","","","2021-07-19T14:09:28Z","dboes-translator","",""
"535000b9-3489-43c7-a90f-71b281f8dc78","Partei insgesamt - Land","SPD Schleswig-Holstein","SPD – Sozialdemokratische Partei Deutschlands","",NA,"","","","","","SPDSH","17808184","","","","","","","","","","","","","","2021-07-19T14:09:28Z","dboes-translator","",""
"cc5a6449-49b6-4a7b-bc41-2091851202ae","Partei insgesamt - Land","SPD Thüringen","SPD – Sozialdemokratische Partei Deutschlands","",NA,"","","","","","SPDThueringen","21448191","","","","","","","","","","","","","","2021-07-19T14:09:28Z","dboes-translator","",""
"bd490708-cefc-428b-bef0-5cc4f38de73a","Jugendorganisation - Bund","Jusos","SPD – Sozialdemokratische Partei Deutschlands","",NA,"","","","","","jusos","31087080","","","","","","","","","","","","","","2021-07-19T14:09:28Z","dboes-translator","",""
"791fb1ba-782e-4a48-822a-3f866429fa7b","Jugendorganisation - Land","Jusos Baden-Württemberg","SPD – Sozialdemokratische Partei Deutschlands","",NA,"","","","","","jusosbawue","21188850","","","","","","","","","","","","","","2021-07-19T14:09:28Z","dboes-translator","",""
"2a647c19-2503-4545-8eb4-dd75835b4448","Jugendorganisation - Land","Jusos Bayern","SPD – Sozialdemokratische Partei Deutschlands","",NA,"","","","","","JusosBayern","1240834561","","","","","","","","","","","","","","2021-07-19T14:09:28Z","dboes-translator","",""
"ec1b944d-4fff-4bd7-9b58-dd158d7f2019","Jugendorganisation - Land","Jusos Berlin","SPD – Sozialdemokratische Partei Deutschlands","",NA,"","","","","","JusosBerlin","19143998","","","","","","","","","","","","","","2021-07-19T14:09:28Z","dboes-translator","",""
"3ce07401-ab74-40d1-aaeb-b5376342aac3","Jugendorganisation - Land","Jusos Brandenburg","SPD – Sozialdemokratische Partei Deutschlands","",NA,"","","","","","JusosBRB","46398953","","","","","","","","","","","","","","2021-07-19T14:09:28Z","dboes-translator","",""
"991986e3-91fa-4924-b833-4cacca687288","Jugendorganisation - Land","Jusos Bremen","SPD – Sozialdemokratische Partei Deutschlands","",NA,"","","","","","jusosbremen","90297738","","","","","","","","","","","","","","2021-07-19T14:09:28Z","dboes-translator","",""
"1d77c111-e256-4f2e-8fca-bb5677a21648","Jugendorganisation - Land","Jusos Hamburg","SPD – Sozialdemokratische Partei Deutschlands","",NA,"","","","","","JusosHamburg","23115236","","","","","","","","","","","","","","2021-07-19T14:09:28Z","dboes-translator","",""
"9186467d-bc12-41cc-9138-c2f2f82a33ac","Jugendorganisation - Land","Jusos Hessen","SPD – Sozialdemokratische Partei Deutschlands","",NA,"","","","","","HessenJusos","1172553824","","","","","","","","","","","","","","2021-07-19T14:09:28Z","dboes-translator","",""
"5d8c280d-0e2d-4201-8ea4-852c13f60411","Jugendorganisation - Land","Jusos Mecklenburg-Vorpommern","SPD – Sozialdemokratische Partei Deutschlands","",NA,"","","","","","Jusos_MV","268550919","","","","","","","","","","","","","","2021-07-19T14:09:28Z","dboes-translator","",""
"dae0cff3-a005-4a9f-9d48-bf56481bbffd","Jugendorganisation - Land","Jusos Niedersachsen","SPD – Sozialdemokratische Partei Deutschlands","",NA,"","","","","","jusosnds","17316859","","","","","","","","","","","","","","2021-07-19T14:09:28Z","dboes-translator","",""
"b4892369-39c1-4e2a-84ea-6bb8b8cac6aa","Jugendorganisation - Land","Jusos Nordrhein-Westfalen","SPD – Sozialdemokratische Partei Deutschlands","",NA,"","","","","","nrwjusos","18715148","","","","","","","","","","","","","","2021-07-19T14:09:28Z","dboes-translator","",""
"cd7969e2-924a-4b30-8a71-3089bbf77814","Jugendorganisation - Land","Jusos Rheinland-Pfalz","SPD – Sozialdemokratische Partei Deutschlands","",NA,"","","","","","jusosrlp","57144412","","","","","","","","","","","","","","2021-07-19T14:09:28Z","dboes-translator","",""
"c28ecfa9-7822-429e-b406-bd5775d963c7","Jugendorganisation - Land","Jusos Saarland","SPD – Sozialdemokratische Partei Deutschlands","",NA,"","","","","","JusosSaar","21283049","","","","","","","","","","","","","","2021-07-19T14:09:28Z","dboes-translator","",""
"9f437031-d873-48f7-b160-8c88744f303a","Jugendorganisation - Land","Jusos Sachsen","SPD – Sozialdemokratische Partei Deutschlands","",NA,"","","","","","JusosSN","821865764","","","","","","","","","","","","","","2021-07-19T14:09:28Z","dboes-translator","",""
"b7b3c815-9df5-45bb-8ab2-105422591489","Jugendorganisation - Land","Jusos Sachsen-Anhalt","SPD – Sozialdemokratische Partei Deutschlands","",NA,"","","","","","","","","","","","","","","","","","","","","2021-07-19T14:09:28Z","dboes-translator","",""
"d67ebdde-e030-4afe-ae3e-e99e570c4cef","Jugendorganisation - Land","Jusos Schleswig-Holstein","SPD – Sozialdemokratische Partei Deutschlands","",NA,"","","","","","","","","","","","","","","","","","","","","2021-07-19T14:09:28Z","dboes-translator","",""
"6d1ae430-cc6d-4b00-b262-56f5937af1d0","Jugendorganisation - Land","Jusos Thüringen","SPD – Sozialdemokratische Partei Deutschlands","",NA,"","","","","","Jusos_Th","42962017","","","","","","","","","","","","","","2021-07-19T14:09:28Z","dboes-translator","",""
"91477f41-f3c3-4a51-8043-ad6366ee52e8","Partei insgesamt - Bund","Freie Demokratische Partei (FDP)","FDP – Freie Demokratische Partei","",NA,"","","","","","fdp","39475170","","","","","","","","","","","","","","2021-07-19T14:09:28Z","dboes-translator","",""
"abb15d03-b047-4a8d-8922-260bafe9a6bb","Partei insgesamt - Land","FDP Baden-Württemberg","FDP – Freie Demokratische Partei","",NA,"","","","","","FDPBW","22157096","","","","","","","","","","","","","","2021-07-19T14:09:28Z","dboes-translator","",""
"c2f6daae-49ba-4615-9c7c-4a826cb1a223","Partei insgesamt - Land","FDP Bayern","FDP – Freie Demokratische Partei","",NA,"","","","","","fdpbay","66317092","","","","","","","","","","","","","","2021-07-19T14:09:28Z","dboes-translator","",""
"cb2ad1de-198f-4f02-8c17-4c685998022c","Partei insgesamt - Land","FDP Berlin","FDP – Freie Demokratische Partei","",NA,"","","","","","fdp_berlin","63746205","","","","","","","","","","","","","","2021-07-19T14:09:28Z","dboes-translator","",""
"e9378f5c-b643-427a-8462-883b59f52a97","Partei insgesamt - Land","FDP Brandenburg","FDP – Freie Demokratische Partei","",NA,"","","","","","FDP_Brandenburg","557573725","","","","","","","","","","","","","","2021-07-19T14:09:28Z","dboes-translator","",""
"3e28d8ef-2365-464e-ab72-3f49538fca0e","Partei insgesamt - Land","FDP Bremen","FDP – Freie Demokratische Partei","",NA,"","","","","","FDPBremen","415387371","","","","","","","","","","","","","","2021-07-19T14:09:28Z","dboes-translator","",""
"0699ffeb-8ae0-4be7-951b-cf268cd71508","Partei insgesamt - Land","FDP Hamburg","FDP – Freie Demokratische Partei","",NA,"","","","","","fdphh","140438576","","","","","","","","","","","","","","2021-07-19T14:09:28Z","dboes-translator","",""
"aa14d915-c870-4f1c-845d-c63f7b4867a7","Partei insgesamt - Land","FDP Hessen","FDP – Freie Demokratische Partei","",NA,"","","","","","FDPHessen","21501043","","","","","","","","","","","","","","2021-07-19T14:09:28Z","dboes-translator","",""
"d185163b-33a0-4a97-9dc4-cb7274cee346","Partei insgesamt - Land","FDP Mecklenburg-Vorpommern","FDP – Freie Demokratische Partei","",NA,"","","","","","FDP_MV","605361994","","","","","","","","","","","","","","2021-07-19T14:09:28Z","dboes-translator","",""
"ba66ed5b-550d-49c7-acfb-e73b2869fad6","Partei insgesamt - Land","FDP Niedersachsen","FDP – Freie Demokratische Partei","",NA,"","","","","","fdp_nds","20452963","","","","","","","","","","","","","","2021-07-19T14:09:28Z","dboes-translator","",""
"b8d72149-865a-4fe4-97ef-a9857c3ec901","Partei insgesamt - Land","FDP Nordrhein-Westfalen","FDP – Freie Demokratische Partei","",NA,"","","","","","fdp_nrw","16095962","","","","","","","","","","","","","","2021-07-19T14:09:28Z","dboes-translator","",""
"774ab960-7468-483d-b835-b528a6ed0293","Partei insgesamt - Land","FDP Rheinland-Pfalz","FDP – Freie Demokratische Partei","",NA,"","","","","","fdprlp","199281559","","","","","","","","","","","","","","2021-07-19T14:09:28Z","dboes-translator","",""
"c3e9c95f-fd60-4feb-9dc9-a6e3ad904e99","Partei insgesamt - Land","FDP Saarland","FDP – Freie Demokratische Partei","",NA,"","","","","","FDP_Saar","285658873","","","","","","","","","","","","","","2021-07-19T14:09:28Z","dboes-translator","",""
"af8b0e74-5dfb-4824-a624-a736a3f970bb","Partei insgesamt - Land","FDP Sachsen","FDP – Freie Demokratische Partei","",NA,"","","","","","fdpsachsen","19293052","","","","","","","","","","","","","","2021-07-19T14:09:28Z","dboes-translator","",""
"31ea3621-1e3d-48bc-bc3a-37b8bfdb9a6c","Partei insgesamt - Land","FDP Sachsen-Anhalt","FDP – Freie Demokratische Partei","",NA,"","","","","","FDP_LSA","19181881","","","","","","","","","","","","","","2021-07-19T14:09:28Z","dboes-translator","",""
"c6aee6f6-aece-4cf5-9218-0e0452587673","Partei insgesamt - Land","FDP Schleswig-Holstein","FDP – Freie Demokratische Partei","",NA,"","","","","","FDP_SH","748059821186875392","","","","","","","","","","","","","","2021-07-19T14:09:28Z","dboes-translator","",""
"f94ef3cc-b618-41ed-b905-4926ce1346b4","Partei insgesamt - Land","FDP Thüringen","FDP – Freie Demokratische Partei","",NA,"","","","","","fdp_thueringen","214826254","","","","","","","","","","","","","","2021-07-19T14:09:28Z","dboes-translator","",""
"c3cb3d8b-a380-4747-8046-f6d716064698","Jugendorganisation - Bund","Junge Liberale","FDP – Freie Demokratische Partei","",NA,"","","","","","jungeliberale","15780623","","","","","","","","","","","","","","2021-07-19T14:09:28Z","dboes-translator","",""
"797f1694-37df-44d3-b08b-448cbcb569f1","Jugendorganisation - Land","Junge Liberale Baden-Württemberg","FDP – Freie Demokratische Partei","",NA,"","","","","","JuLisBW","19115211","","","","","","","","","","","","","","2021-07-19T14:09:28Z","dboes-translator","",""
"6ac2e2c9-f4ad-4c02-84a4-c4fa14b132d6","Jugendorganisation - Land","Junge Liberale Bayern","FDP – Freie Demokratische Partei","",NA,"","","","","","JuLisBayern","18689262","","","","","","","","","","","","","","2021-07-19T14:09:28Z","dboes-translator","",""
"08e1dde4-0411-4fea-93d6-d91fce0136d2","Jugendorganisation - Land","Junge Liberale Berlin","FDP – Freie Demokratische Partei","",NA,"","","","","","julisberlin","19502850","","","","","","","","","","","","","","2021-07-19T14:09:28Z","dboes-translator","",""
"fc529b9d-ff85-45f4-a3d5-112f7894d1ed","Jugendorganisation - Land","Junge Liberale Brandenburg","FDP – Freie Demokratische Partei","",NA,"","","","","","JulisBRB","40953462","","","","","","","","","","","","","","2021-07-19T14:09:28Z","dboes-translator","",""
"49bc02db-3a26-4b9f-a868-ff2e74fa1c6b","Jugendorganisation - Land","Junge Liberale Bremen","FDP – Freie Demokratische Partei","",NA,"","","","","","julisbremen","15932705","","","","","","","","","","","","","","2021-07-19T14:09:28Z","dboes-translator","",""
"dfb12e32-caeb-4780-9449-cf8d100c6d1c","Jugendorganisation - Land","Junge Liberale Hamburg","FDP – Freie Demokratische Partei","",NA,"","","","","","JuLisHamburg","25836455","","","","","","","","","","","","","","2021-07-19T14:09:28Z","dboes-translator","",""
"7998e47a-e647-47d1-a0f3-5d46cb05ca70","Jugendorganisation - Land","Junge Liberale Hessen","FDP – Freie Demokratische Partei","",NA,"","","","","","julishessen","90479160","","","","","","","","","","","","","","2021-07-19T14:09:28Z","dboes-translator","",""
"6c305810-5720-48fc-ab82-b5b12f096930","Jugendorganisation - Land","Junge Liberale Mecklenburg-Vorpommern","FDP – Freie Demokratische Partei","",NA,"","","","","","JuLis_MV","19586916","","","","","","","","","","","","","","2021-07-19T14:09:28Z","dboes-translator","",""
"09ea5f3d-0ce1-4f22-80ef-811fbcde5040","Jugendorganisation - Land","Junge Liberale Niedersachsen","FDP – Freie Demokratische Partei","",NA,"","","","","","JuLisNDS","17446096","","","","","","","","","","","","","","2021-07-19T14:09:28Z","dboes-translator","",""
"a8525649-c3ab-4a5a-baed-0aeb16bd0184","Jugendorganisation - Land","Junge Liberale Nordrhein-Westfalen","FDP – Freie Demokratische Partei","",NA,"","","","","","julisnrw","20931329","","","","","","","","","","","","","","2021-07-19T14:09:28Z","dboes-translator","",""
"321e6014-8d26-435c-9871-9cc23ca468e2","Jugendorganisation - Land","Junge Liberale Rheinland-Pfalz","FDP – Freie Demokratische Partei","",NA,"","","","","","JuLisRLP","47659422","","","","","","","","","","","","","","2021-07-19T14:09:28Z","dboes-translator","",""
"9e922e30-01f8-4a65-8a54-deb54fdabe09","Jugendorganisation - Land","Junge Liberale Saarland","FDP – Freie Demokratische Partei","",NA,"","","","","","JuLisSaar","24027433","","","","","","","","","","","","","","2021-07-19T14:09:28Z","dboes-translator","",""
"5b90168c-0563-4b30-93ac-3038a9582560","Jugendorganisation - Land","Junge Liberale Sachsen","FDP – Freie Demokratische Partei","",NA,"","","","","","juliasachsen","21482116","","","","","","","","","","","","","","2021-07-19T14:09:28Z","dboes-translator","",""
"7ed21609-1099-469d-b0b2-768b2e0e9595","Jugendorganisation - Land","Junge Liberale Sachsen-Anhalt","FDP – Freie Demokratische Partei","",NA,"","","","","","JuLisLSA","156275310","","","","","","","","","","","","","","2021-07-19T14:09:28Z","dboes-translator","",""
"eb320383-8baf-43a9-8bdd-4d4282f37188","Jugendorganisation - Land","Junge Liberale Schleswig-Holstein","FDP – Freie Demokratische Partei","",NA,"","","","","","Julis_SH","21593567","","","","","","","","","","","","","","2021-07-19T14:09:28Z","dboes-translator","",""
"12d10bf7-ca1d-4afe-b046-b5cceefdc932","Jugendorganisation - Land","Junge Liberale Thüringen","FDP – Freie Demokratische Partei","",NA,"","","","","","JuLisThueringen","19347660","","","","","","","","","","","","","","2021-07-19T14:09:28Z","dboes-translator","",""
"3fe2998b-a482-4a3d-9e42-f33cea775e35","Partei insgesamt - Bund","DIE LINKE (DIE LINKE)","DIE LINKE","",NA,"","","","","","dieLinke","44101578","","","","","","","","","","","","","","2021-07-19T14:09:28Z","dboes-translator","",""
"5f95680e-1fe6-4919-b262-8063b17df7cb","Partei insgesamt - Land","DIE LINKE Baden-Württemberg","DIE LINKE","",NA,"","","","","","die_linke_bw","27405083","","","","","","","","","","","","","","2021-07-19T14:09:28Z","dboes-translator","",""
"ea905acc-fe31-4ad4-a05d-74531a885677","Partei insgesamt - Land","DIE LINKE Bayern","DIE LINKE","",NA,"","","","","","LINKE_Bayern","1019854628","","","","","","","","","","","","","","2021-07-19T14:09:28Z","dboes-translator","",""
"dba6e37d-cbc7-4d50-8093-0a4870c70712","Partei insgesamt - Land","DIE LINKE Berlin","DIE LINKE","",NA,"","","","","","dielinkeberlin","196330258","","","","","","","","","","","","","","2021-07-19T14:09:28Z","dboes-translator","",""
"5c6f723a-4878-42a3-9756-698a38814c58","Partei insgesamt - Land","DIE LINKE Brandenburg","DIE LINKE","",NA,"","","","","","DieLinkeBrdburg","1045288308","","","","","","","","","","","","","","2021-07-19T14:09:28Z","dboes-translator","",""
"5679a951-3548-4430-8ba9-5f1b59c47ccc","Partei insgesamt - Land","DIE LINKE Bremen","DIE LINKE","",NA,"","","","","","DieLinkeBremen","27998217","","","","","","","","","","","","","","2021-07-19T14:09:28Z","dboes-translator","",""
"b6e0a0b3-f13c-4290-8fc1-457f53816764","Partei insgesamt - Land","DIE LINKE Hessen","DIE LINKE","",NA,"","","","","","DIELINKEHESSEN","37434345","","","","","","","","","","","","","","2021-07-19T14:09:28Z","dboes-translator","",""
"dd57a4d1-7af9-4da0-9a77-14fe44e08623","Partei insgesamt - Land","DIE LINKE Hamburg","DIE LINKE","",NA,"","","","","","DieLinke_HH","221513227","","","","","","","","","","","","","","2021-07-19T14:09:28Z","dboes-translator","",""
"f44c5fc6-3982-4e3a-b9cc-13e8b0824fa2","Partei insgesamt - Land","DIE LINKE Mecklenburg-Vorpommern","DIE LINKE","",NA,"","","","","","DIE_LINKE_MV","2511381768","","","","","","","","","","","","","","2021-07-19T14:09:28Z","dboes-translator","",""
"2799a831-ce90-4cd6-becf-2b3009b5bd36","Partei insgesamt - Land","DIE LINKE Niedersachsen","DIE LINKE","",NA,"","","","","","die_linke_nds","993560582","","","","","","","","","","","","","","2021-07-19T14:09:28Z","dboes-translator","",""
"793efb59-be20-4915-8fba-3a7b9b392b57","Partei insgesamt - Land","DIE LINKE Nordrhein-Westfalen","DIE LINKE","",NA,"","","","","","DieLinkeNRW","86159348","","","","","","","","","","","","","","2021-07-19T14:09:28Z","dboes-translator","",""
"09fd26cc-a6e3-48a0-82d3-933a905f7642","Partei insgesamt - Land","DIE LINKE Rheinland-Pfalz","DIE LINKE","",NA,"","","","","","DIE_LINKE_RLP","146816929","","","","","","","","","","","","","","2021-07-19T14:09:28Z","dboes-translator","",""
"8f76a806-e66a-43ac-a32e-fe1626840e62","Partei insgesamt - Land","DIE LINKE Saarland","DIE LINKE","",NA,"","","","","","DIELINKESaar","475853322","","","","","","","","","","","","","","2021-07-19T14:09:28Z","dboes-translator","",""
"dc99d66d-c567-485c-98a8-83bddfefadaa","Partei insgesamt - Land","DIE LINKE Sachsen","DIE LINKE","",NA,"","","","","","linke_sachsen","18834002","","","","","","","","","","","","","","2021-07-19T14:09:28Z","dboes-translator","",""
"d32f6939-5632-49f7-9518-1d1c8428414d","Partei insgesamt - Land","DIE LINKE Sachsen-Anhalt","DIE LINKE","",NA,"","","","","","DIE_LINKE_LSA","253479864","","","","","","","","","","","","","","2021-07-19T14:09:28Z","dboes-translator","",""
"83144fed-45f6-4796-8bb4-61515107ec1a","Partei insgesamt - Land","DIE LINKE Schleswig-Holstein","DIE LINKE","",NA,"","","","","","linke_sh","2369959501","","","","","","","","","","","","","","2021-07-19T14:09:28Z","dboes-translator","",""
"69bae2e4-5172-48b2-b7b0-05cee436d8bc","Partei insgesamt - Land","DIE LINKE Thüringen","DIE LINKE","",NA,"","","","","","die_linke_th","24521257","","","","","","","","","","","","","","2021-07-19T14:09:28Z","dboes-translator","",""
"28dcd24e-a148-4f65-b808-cf42f55c7a48","Jugendorganisation - Bund","linksjugend [ˈsolid]","DIE LINKE","",NA,"","","","","","Lijusolid","56693043","","","","","","","","","","","","","","2021-07-19T14:09:28Z","dboes-translator","",""
"d237aae6-da56-4483-b61f-66416bec4129","Jugendorganisation - Land","linksjugend [ˈsolid] Baden-Württemberg","DIE LINKE","",NA,"","","","","","solidbw","66713445","","","","","","","","","","","","","","2021-07-19T14:09:28Z","dboes-translator","",""
"0085889c-014b-4e51-8102-15438db29f4b","Jugendorganisation - Land","linksjugend [ˈsolid] Bayern","DIE LINKE","",NA,"","","","","","ljsolidby","53399319","","","","","","","","","","","","","","2021-07-19T14:09:28Z","dboes-translator","",""
"aac59f97-c561-44ae-983d-1c05ad12565a","Jugendorganisation - Land","linksjugend [ˈsolid] Berlin","DIE LINKE","",NA,"","","","","","solidBerlin","1720107078","","","","","","","","","","","","","","2021-07-19T14:09:28Z","dboes-translator","",""
"335da8d4-8486-4fee-bb3d-7bbfd2ce7e15","Jugendorganisation - Land","linksjugend [ˈsolid] Brandenburg","DIE LINKE","",NA,"","","","","","LjsBrb","710199872822108161","","","","","","","","","","","","","","2021-07-19T14:09:28Z","dboes-translator","",""
"0c06399f-0485-4042-8a6f-ff34493f82d0","Jugendorganisation - Land","linksjugend [ˈsolid] Bremen","DIE LINKE","",NA,"","","","","","ljsolid_bremen","1320117025","","","","","","","","","","","","","","2021-07-19T14:09:28Z","dboes-translator","",""
"ff4bc48e-a3cb-4099-a3b6-7d21cd92fd86","Jugendorganisation - Land","linksjugend [ˈsolid] Hamburg","DIE LINKE","",NA,"","","","","","linksjugendHH","4416702442","","","","","","","","","","","","","","2021-07-19T14:09:28Z","dboes-translator","",""
"20fb56ad-49ea-4d1c-a8af-54cb9ba531bb","Jugendorganisation - Land","linksjugend [ˈsolid] Hessen","DIE LINKE","",NA,"","","","","","","","","","","","","","","","","","","","","2021-07-19T14:09:28Z","dboes-translator","",""
"3f04d882-2086-49a5-b5ae-4ab8c3661f1a","Jugendorganisation - Land","linksjugend [ˈsolid] Mecklenburg-Vorpommern","DIE LINKE","",NA,"","","","","","linksjugend_MV","4913125595","","","","","","","","","","","","","","2021-07-19T14:09:28Z","dboes-translator","",""
"ad70a044-a2c0-484b-aa18-331c6a20a3c5","Jugendorganisation - Land","linksjugend [ˈsolid] Niedersachsen","DIE LINKE","",NA,"","","","","","solid_nds","72264196","","","","","","","","","","","","","","2021-07-19T14:09:28Z","dboes-translator","",""
"7cb0403a-fb37-4409-ab2a-e5b562ef4c19","Jugendorganisation - Land","linksjugend [ˈsolid] Nordrhein-Westfalen","DIE LINKE","",NA,"","","","","","Linksjugendnrw","2222799667","","","","","","","","","","","","","","2021-07-19T14:09:28Z","dboes-translator","",""
"c7f09581-853c-4c1e-833b-b0da1c6e796e","Jugendorganisation - Land","linksjugend [ˈsolid] Rheinland-Pfalz","DIE LINKE","",NA,"","","","","","SolidRLP","859960652","","","","","","","","","","","","","","2021-07-19T14:09:28Z","dboes-translator","",""
"40dd447a-497d-4d80-9aec-c5a21e1e6c0a","Jugendorganisation - Land","linksjugend [ˈsolid] Saarland","DIE LINKE","",NA,"","","","","","LJSaar","120827678","","","","","","","","","","","","","","2021-07-19T14:09:28Z","dboes-translator","",""
"3cdd9f1a-22c6-48c8-afb5-4bb9a5b7a3ad","Jugendorganisation - Land","linksjugend [ˈsolid] Sachsen","DIE LINKE","",NA,"","","","","","linksjugend_sn","21288014","","","","","","","","","","","","","","2021-07-19T14:09:28Z","dboes-translator","",""
"fc6c5733-115c-49c6-872f-787d1ebb693e","Jugendorganisation - Land","linksjugend [ˈsolid] Sachsen-Anhalt","DIE LINKE","",NA,"","","","","","LinksjugendLSA","260170073","","","","","","","","","","","","","","2021-07-19T14:09:28Z","dboes-translator","",""
"5ddc4aca-3914-4cc8-afb0-6e5c91abc3d1","Jugendorganisation - Land","linksjugend [ˈsolid] Schleswig-Holstein","DIE LINKE","",NA,"","","","","","linksjugend_sh","765854898936279040","","","","","","","","","","","","","","2021-07-19T14:09:28Z","dboes-translator","",""
"9e0ef940-72e8-4d88-9948-78c488b609f8","Jugendorganisation - Land","linksjugend [ˈsolid] Thüringen","DIE LINKE","",NA,"","","","","","linksjugend_th","56338999","","","","","","","","","","","","","","2021-07-19T14:09:28Z","dboes-translator","",""
"c9f47e7e-8643-45d3-adc7-295ab3a9f8d5","Partei insgesamt - Bund","BÜNDNIS 90/DIE GRÜNEN (GRÜNE)","Bündnis 90/Die Grünen","",NA,"","","","","","Die_Gruenen","14553288","","","","","","","","","","","","","","2021-07-19T14:09:28Z","dboes-translator","",""
"68d4a2d8-9179-4d80-acad-af9ded0ddbc4","Partei insgesamt - Land","DIE GRÜNEN Baden-Württemberg","Bündnis 90/Die Grünen","",NA,"","","","","","GrueneBW","16002482","","","","","","","","","","","","","","2021-07-19T14:09:28Z","dboes-translator","",""
"22fda21c-5663-4f62-baea-355358f45a35","Partei insgesamt - Land","DIE GRÜNEN Bayern","Bündnis 90/Die Grünen","",NA,"","","","","","Gruene_Bayern","15980032","","","","","","","","","","","","","","2021-07-19T14:09:28Z","dboes-translator","",""
"71d81863-d3b2-4bf9-941e-a837e5d49073","Partei insgesamt - Land","DIE GRÜNEN Berlin","Bündnis 90/Die Grünen","",NA,"","","","","","gruene_berlin","124782031","","","","","","","","","","","","","","2021-07-19T14:09:28Z","dboes-translator","",""
"f2add03b-9993-4dac-a384-45823aa8db22","Partei insgesamt - Land","DIE GRÜNEN Brandenburg","Bündnis 90/Die Grünen","",NA,"","","","","","GrueneBBG","56969669","","","","","","","","","","","","","","2021-07-19T14:09:28Z","dboes-translator","",""
"8829f0f6-3bbe-403a-8d6d-3160fecb8987","Partei insgesamt - Land","DIE GRÜNEN Bremen","Bündnis 90/Die Grünen","",NA,"","","","","","GrueneBremen","857836194","","","","","","","","","","","","","","2021-07-19T14:09:28Z","dboes-translator","",""
"909e37d1-906a-4aa9-bef6-e9eb2cf7219b","Partei insgesamt - Land","DIE GRÜNEN Hessen","Bündnis 90/Die Grünen","",NA,"","","","","","gruenehessen","213984085","","","","","","","","","","","","","","2021-07-19T14:09:28Z","dboes-translator","",""
"256940ba-7536-47c3-b18b-aec5d2b3bdd6","Partei insgesamt - Land","DIE GRÜNEN Hamburg","Bündnis 90/Die Grünen","",NA,"","","","","","GRUENE_Hamburg","21385546","","","","","","","","","","","","","","2021-07-19T14:09:28Z","dboes-translator","",""
"864efc05-ca5b-4fd3-a495-29e2387ff715","Partei insgesamt - Land","DIE GRÜNEN Mecklenburg-Vorpommern","Bündnis 90/Die Grünen","",NA,"","","","","","GRUENE_MV","16696799","","","","","","","","","","","","","","2021-07-19T14:09:28Z","dboes-translator","",""
"e8a18e73-dae0-4afa-949b-8ec76fa8e573","Partei insgesamt - Land","DIE GRÜNEN Niedersachsen","Bündnis 90/Die Grünen","",NA,"","","","","","gruenelvnds","135814941","","","","","","","","","","","","","","2021-07-19T14:09:28Z","dboes-translator","",""
"fd2444a7-8a74-4564-9d6d-fa7fe9821bb3","Partei insgesamt - Land","DIE GRÜNENNordrhein-Westfalen","Bündnis 90/Die Grünen","",NA,"","","","","","gruenenrw","16777522","","","","","","","","","","","","","","2021-07-19T14:09:28Z","dboes-translator","",""
"3928e4ea-df5b-4303-ae05-5ecf4b14eefb","Partei insgesamt - Land","DIE GRÜNEN Rheinland-Pfalz","Bündnis 90/Die Grünen","",NA,"","","","","","gruene_rlp","17618752","","","","","","","","","","","","","","2021-07-19T14:09:28Z","dboes-translator","",""
"04e94de2-cd60-4f04-aac6-6d1b748bb250","Partei insgesamt - Land","DIE GRÜNEN Saarland","Bündnis 90/Die Grünen","",NA,"","","","","","Gruene_Saar","19330610","","","","","","","","","","","","","","2021-07-19T14:09:28Z","dboes-translator","",""
"9f13d54c-5e8a-45c9-bfdf-f0b44b615c92","Partei insgesamt - Land","DIE GRÜNEN Sachsen","Bündnis 90/Die Grünen","",NA,"","","","","","gruene_sachsen","20974580","","","","","","","","","","","","","","2021-07-19T14:09:28Z","dboes-translator","",""
"5b0f5d67-1174-443f-8f49-c1849cc0b5a1","Partei insgesamt - Land","DIE GRÜNEN Sachsen-Anhalt","Bündnis 90/Die Grünen","",NA,"","","","","","gruene_lsa","26629973","","","","","","","","","","","","","","2021-07-19T14:09:28Z","dboes-translator","",""
"6821f34c-084e-4959-8bee-39069bc76c9f","Partei insgesamt - Land","DIE GRÜNENSchleswig-Holstein","Bündnis 90/Die Grünen","",NA,"","","","","","Gruene_SH","17589578","","","","","","","","","","","","","","2021-07-19T14:09:28Z","dboes-translator","",""
"8f56aa12-0f02-40c8-970f-26f25ddcb02f","Partei insgesamt - Land","DIE GRÜNEN Thüringen","Bündnis 90/Die Grünen","",NA,"","","","","","Gruene_TH","18632035","","","","","","","","","","","","","","2021-07-19T14:09:28Z","dboes-translator","",""
"f1acbd60-2429-4559-8b12-cc3f4f32c990","Jugendorganisation - Bund","GRÜNE JUGEND","Bündnis 90/Die Grünen","",NA,"","","","","","gruene_jugend","17010376","","","","","","","","","","","","","","2021-07-19T14:09:28Z","dboes-translator","",""
"981ddc8c-6155-4229-87fe-f07adcc1e0d2","Jugendorganisation - Land","GRÜNE JUGEND Baden-Württemberg","Bündnis 90/Die Grünen","",NA,"","","","","","gjbw","19320736","","","","","","","","","","","","","","2021-07-19T14:09:28Z","dboes-translator","",""
"a353fb2a-bf30-4f36-ba58-59a906224f91","Jugendorganisation - Land","GRÜNE JUGEND Bayern","Bündnis 90/Die Grünen","",NA,"","","","","","GJ_Bayern","15983395","","","","","","","","","","","","","","2021-07-19T14:09:28Z","dboes-translator","",""
"22ad8630-fac1-4a4c-81cf-86b9ca2db146","Jugendorganisation - Land","GRÜNE JUGEND Berlin","Bündnis 90/Die Grünen","",NA,"","","","","","gjberlin","248669986","","","","","","","","","","","","","","2021-07-19T14:09:28Z","dboes-translator","",""
"48a6fa82-d2e3-4a68-acc3-ffd658b3aeaf","Jugendorganisation - Land","GRÜNE JUGEND Brandenburg","Bündnis 90/Die Grünen","",NA,"","","","","","gj__bb","1005058584","","","","","","","","","","","","","","2021-07-19T14:09:28Z","dboes-translator","",""
"a0ada7b1-7b25-42a4-9d6b-b4c3a15dfc71","Jugendorganisation - Land","GRÜNE JUGEND Bremen","Bündnis 90/Die Grünen","",NA,"","","","","","gjbremen","1261536818","","","","","","","","","","","","","","2021-07-19T14:09:28Z","dboes-translator","",""
"4358eae6-9cab-4db5-bc12-56fac47879b3","Jugendorganisation - Land","GRÜNE JUGEND Hamburg","Bündnis 90/Die Grünen","",NA,"","","","","","GJHH","29983159","","","","","","","","","","","","","","2021-07-19T14:09:28Z","dboes-translator","",""
"74432364-5d5e-4b09-909c-430f1ecc8e0f","Jugendorganisation - Land","GRÜNE JUGEND Hessen","Bündnis 90/Die Grünen","",NA,"","","","","","GJHessen","18556250","","","","","","","","","","","","","","2021-07-19T14:09:28Z","dboes-translator","",""
"9c2e5318-a385-4284-adf3-984657e3a4a6","Jugendorganisation - Land","GRÜNE JUGEND Mecklenburg-Vorpommern","Bündnis 90/Die Grünen","",NA,"","","","","","gj_mv","242247235","","","","","","","","","","","","","","2021-07-19T14:09:28Z","dboes-translator","",""
"5ee04214-da11-4320-95e7-c15804063304","Jugendorganisation - Land","GRÜNE JUGEND Niedersachsen","Bündnis 90/Die Grünen","",NA,"","","","","","GJNds","17155278","","","","","","","","","","","","","","2021-07-19T14:09:28Z","dboes-translator","",""
"2a99c7c9-bd7f-459c-92bb-1d9a49344611","Jugendorganisation - Land","GRÜNE JUGEND Nordrhein-Westfalen","Bündnis 90/Die Grünen","",NA,"","","","","","GrueneJugendNRW","17269890","","","","","","","","","","","","","","2021-07-19T14:09:28Z","dboes-translator","",""
"9bce0248-d0fa-481c-b265-d542b36b6b08","Jugendorganisation - Land","GRÜNE JUGEND Rheinland-Pfalz","Bündnis 90/Die Grünen","",NA,"","","","","","GJ_RLP","96178416","","","","","","","","","","","","","","2021-07-19T14:09:28Z","dboes-translator","",""
"c5d8af47-b8ed-4494-9a63-55f02d4df160","Jugendorganisation - Land","GRÜNE JUGEND Saarland","Bündnis 90/Die Grünen","",NA,"","","","","","gjsaar","22615794","","","","","","","","","","","","","","2021-07-19T14:09:28Z","dboes-translator","",""
"e9f0d3fc-1e81-465d-ae46-2d90839bcd33","Jugendorganisation - Land","GRÜNE JUGEND Sachsen","Bündnis 90/Die Grünen","",NA,"","","","","","gj_sachsen","219798483","","","","","","","","","","","","","","2021-07-19T14:09:28Z","dboes-translator","",""
"344ea9a5-22d9-411b-a307-2b774a3bd233","Jugendorganisation - Land","GRÜNE JUGEND Sachsen-Anhalt","Bündnis 90/Die Grünen","",NA,"","","","","","gj_lsa","148430787","","","","","","","","","","","","","","2021-07-19T14:09:28Z","dboes-translator","",""
"553b098c-1607-4416-8439-ea243d5c1afb","Jugendorganisation - Land","GRÜNE JUGEND Schleswig-Holstein","Bündnis 90/Die Grünen","",NA,"","","","","","GJSH","20391399","","","","","","","","","","","","","","2021-07-19T14:09:28Z","dboes-translator","",""
"17a3804f-edbd-47d9-993a-3f3e7ed3425f","Jugendorganisation - Land","GRÜNE JUGEND Thüringen","Bündnis 90/Die Grünen","",NA,"","","","","","gj_thueringen","385068754","","","","","","","","","","","","","","2021-07-19T14:09:28Z","dboes-translator","",""
"4e488c50-6683-4340-b42f-da799b93cc25","Partei insgesamt - Bund","Christlich-Soziale Union in Bayern e.V. (CSU)","CSU – Christlich-Soziale Union in Bayern","",NA,"","","","","","CSU","21107582","","","","","","","","","","","","","","2021-07-19T14:09:28Z","dboes-translator","",""
"75c955ac-578a-4757-a487-9421afd9488c","Partei insgesamt - Bund","Alternative für Deutschland (AfD)","AfD - Alternative für Deutschland","",NA,"","","","","","AfD_Bund","844081278","","","","","","","","","","","","","","2021-07-19T14:09:28Z","dboes-translator","",""
"8360e137-2c71-448d-ad0a-cb58127f808c","Partei insgesamt - Land","Alternative für Deutschland Baden-Württemberg","AfD - Alternative für Deutschland","",NA,"","","","","","AlternativeBW","1542805482","","","","","","","","","","","","","","2021-07-19T14:09:28Z","dboes-translator","",""
"c584d783-b227-4aca-8f6a-b0245aedbabe","Partei insgesamt - Land","Alternative für Deutschland Bayern","AfD - Alternative für Deutschland","",NA,"","","","","","AfD_Bayern","1375039512","","","","","","","","","","","","","","2021-07-19T14:09:28Z","dboes-translator","",""
"41059b85-ecde-4469-bada-b3aac38824ae","Partei insgesamt - Land","Alternative für Deutschland Berlin","AfD - Alternative für Deutschland","",NA,"","","","","","AfDBerlin","2356198197","","","","","","","","","","","","","","2021-07-19T14:09:28Z","dboes-translator","",""
"a31a0ccb-8235-40ed-9016-5f2ea369e688","Partei insgesamt - Land","Alternative für Deutschland Brandenburg","AfD - Alternative für Deutschland","",NA,"","","","","","BrandenburgAfD","2537693569","","","","","","","","","","","","","","2021-07-19T14:09:28Z","dboes-translator","",""
"6f60361e-81a8-46f5-88a6-9e6cb2783a0e","Partei insgesamt - Land","Alternative für Deutschland Bremen","AfD - Alternative für Deutschland","",NA,"","","","","","AfD_HB","2416299492","","","","","","","","","","","","","","2021-07-19T14:09:28Z","dboes-translator","",""
"1aa5d2a6-3578-430a-8e4e-c6621f99c42b","Partei insgesamt - Land","Alternative für Deutschland Hamburg","AfD - Alternative für Deutschland","",NA,"","","","","","","","","","","","","","","","","","","","","2021-07-19T14:09:28Z","dboes-translator","",""
"dc5238dd-4e2e-442e-8da6-c1a11bd9b18a","Partei insgesamt - Land","Alternative für Deutschland Hessen","AfD - Alternative für Deutschland","",NA,"","","","","","AfD_Hessen","1414088353","","","","","","","","","","","","","","2021-07-19T14:09:28Z","dboes-translator","",""
"120736e4-282b-42f7-9604-e274ea8f9818","Partei insgesamt - Land","Alternative für Deutschland Mecklenburg-Vorpommern","AfD - Alternative für Deutschland","",NA,"","","","","","AfD_MV","1567658617","","","","","","","","","","","","","","2021-07-19T14:09:28Z","dboes-translator","",""
"9a1fe8c6-fba6-40e9-a15e-5b495a5022a8","Partei insgesamt - Land","Alternative für Deutschland Niedersachsen","AfD - Alternative für Deutschland","",NA,"","","","","","AlternativeNds","2796120170","","","","","","","","","","","","","","2021-07-19T14:09:28Z","dboes-translator","",""
"a7d94b8a-a9d0-4604-a6ee-653feafac79b","Partei insgesamt - Land","Alternative für Deutschland Nordrhein-Westfalen","AfD - Alternative für Deutschland","",NA,"","","","","","AlternativeNRW","2886760553","","","","","","","","","","","","","","2021-07-19T14:09:28Z","dboes-translator","",""
"65200a30-6e14-4ae6-bf85-32574da1ce03","Partei insgesamt - Land","Alternative für Deutschland Rheinland-Pfalz","AfD - Alternative für Deutschland","",NA,"","","","","","RLP_AfD","3521387355","","","","","","","","","","","","","","2021-07-19T14:09:28Z","dboes-translator","",""
"acaa2bcf-4fc9-42c8-8389-3b2f0b35904b","Partei insgesamt - Land","Alternative für Deutschland Saarland","AfD - Alternative für Deutschland","",NA,"","","","","","AfDSaar","803274155231690752","","","","","","","","","","","","","","2021-07-19T14:09:28Z","dboes-translator","",""
"b887b443-ff59-4ff6-99a2-48b84584f260","Partei insgesamt - Land","Alternative für Deutschland Sachsen","AfD - Alternative für Deutschland","",NA,"","","","","","AfD_Sachsen","1280551850","","","","","","","","","","","","","","2021-07-19T14:09:28Z","dboes-translator","",""
"eaeb3f86-eb91-4bb5-ace4-7f62f817b308","Partei insgesamt - Land","Alternative für Deutschland Sachsen-Anhalt","AfD - Alternative für Deutschland","",NA,"","","","","","AfD_LSA","3115992765","","","","","","","","","","","","","","2021-07-19T14:09:28Z","dboes-translator","",""
"da85202c-93ab-4c05-990e-089bcedef787","Partei insgesamt - Land","Alternative für Deutschland Schleswig-Holstein","AfD - Alternative für Deutschland","",NA,"","","","","","AfD_LV_SH","4474349613","","","","","","","","","","","","","","2021-07-19T14:09:28Z","dboes-translator","",""
"6eea7eda-63d4-4fb3-bc32-138cc5473a59","Partei insgesamt - Land","Alternative für Deutschland Thüringen","AfD - Alternative für Deutschland","",NA,"","","","","","AfD_Thueringen","2794716895","","","","","","","","","","","","","","2021-07-19T14:09:28Z","dboes-translator","",""
"af551ebc-b4bb-4702-9b2e-c67702d8e1e7","Jugendorganisation - Bund","Junge Alternative Bund","AfD - Alternative für Deutschland","",NA,"","","","","","JA_Deutschland","758589483734433793","","","","","","","","","","","","","","2021-07-19T14:09:28Z","dboes-translator","",""
"8c31a2cd-63bb-469e-aa77-d860b2cb4e31","Jugendorganisation - Land","Junge Alternative Baden-Württemberg","AfD - Alternative für Deutschland","",NA,"","","","","","JAlternative","861987234584678400","","","","","","","","","","","","","","2021-07-19T14:09:28Z","dboes-translator","",""
"b8b00446-a274-4125-8b61-437803635155","Jugendorganisation - Land","Junge Alternative Bayern","AfD - Alternative für Deutschland","",NA,"","","","","","","","","","","","","","","","","","","","","2021-07-19T14:09:28Z","dboes-translator","",""
"e5ed318d-1a29-44a7-a280-efa088ea3db9","Jugendorganisation - Land","Junge Alternative Berlin","AfD - Alternative für Deutschland","",NA,"","","","","","","","","","","","","","","","","","","","","2021-07-19T14:09:28Z","dboes-translator","",""
"5001fdc1-1841-4638-8c27-53d4b88e5c9f","Jugendorganisation - Land","Junge Alternative Brandenburg","AfD - Alternative für Deutschland","",NA,"","","","","","","","","","","","","","","","","","","","","2021-07-19T14:09:28Z","dboes-translator","",""
"c394a571-1840-4061-b8c0-93d678b6bc77","Jugendorganisation - Land","Junge Alternative Bremen","AfD - Alternative für Deutschland","",NA,"","","","","","","","","","","","","","","","","","","","","2021-07-19T14:09:28Z","dboes-translator","",""
"91777a1e-bcc6-4f67-a229-dafa24204e7a","Jugendorganisation - Land","Junge Alternative für Deutschland - Landesverband Hamburg","AfD - Alternative für Deutschland","",NA,"","","","","","JA_Hamburg","2842831900","","","","","","","","","","","","","","2021-07-19T14:09:28Z","dboes-translator","",""
"a205e24a-3cfd-4e1e-ab15-e7cd6df5d1cc","Jugendorganisation - Land","Junge Alternative Hessen","AfD - Alternative für Deutschland","",NA,"","","","","","ja_hessen","4301881161","","","","","","","","","","","","","","2021-07-19T14:09:28Z","dboes-translator","",""
"2ceaa811-3365-4f99-be1b-6cdd388d62aa","Jugendorganisation - Land","Junge Alternative Mecklenburg-Vorpommern","AfD - Alternative für Deutschland","",NA,"","","","","","","","","","","","","","","","","","","","","2021-07-19T14:09:28Z","dboes-translator","",""
"bc4882fd-bf6b-4e72-9e5c-c7fa4ec33e1a","Jugendorganisation - Land","Junge Alternative Niedersachsen","AfD - Alternative für Deutschland","",NA,"","","","","","","","","","","","","","","","","","","","","2021-07-19T14:09:28Z","dboes-translator","",""
"888889e3-d741-4e13-b385-e8e148168750","Jugendorganisation - Land","Junge Alternative Nordrhein-Westfalen","AfD - Alternative für Deutschland","",NA,"","","","","","NRW_JA","271547654","","","","","","","","","","","","","","2021-07-19T14:09:28Z","dboes-translator","",""
"ebf0e44a-7df0-4e79-a90e-42b38a080663","Jugendorganisation - Land","Junge Alternative Rheinland-Pfalz","AfD - Alternative für Deutschland","",NA,"","","","","","","","","","","","","","","","","","","","","2021-07-19T14:09:28Z","dboes-translator","",""
"fe7f77a3-ec6a-4a4c-83ec-0243804969f9","Jugendorganisation - Land","Junge Alternative Saarland","AfD - Alternative für Deutschland","",NA,"","","","","","","","","","","","","","","","","","","","","2021-07-19T14:09:28Z","dboes-translator","",""
"fd0303ca-cb51-4984-b054-e3850d0aa421","Jugendorganisation - Land","Junge Alternative Sachsen","AfD - Alternative für Deutschland","",NA,"","","","","","","","","","","","","","","","","","","","","2021-07-19T14:09:28Z","dboes-translator","",""
"c515c6e8-d3a6-437c-9b77-a39f175f786c","Jugendorganisation - Land","Junge Alternative Sachsen-Anhalt","AfD - Alternative für Deutschland","",NA,"","","","","","","","","","","","","","","","","","","","","2021-07-19T14:09:28Z","dboes-translator","",""
"3d8cbb8d-46df-4210-a42a-789c4bd95fec","Jugendorganisation - Land","Junge Alternative Schleswig-Holstein","AfD - Alternative für Deutschland","",NA,"","","","","","","","","","","","","","","","","","","","","2021-07-19T14:09:28Z","dboes-translator","",""
"c439d487-175a-42b0-a992-be70fb8be5de","Jugendorganisation - Land","Junge Alternative Thüringen","AfD - Alternative für Deutschland","",NA,"","","","","","","","","","","","","","","","","","","","","2021-07-19T14:09:28Z","dboes-translator","",""
"dddd8d3c-aee0-437e-b898-6372c646867e","Fraktion - Land","CDU/CSU Fraktion im Bundestag","CDU – Christlich Demokratische Union Deutschlands","",NA,"","","","","","cducsubt","46085533","","","","","","","","","","","","","","2021-07-19T14:09:28Z","dboes-translator","",""
"2fde6aec-639e-42d6-8a0b-411ca3a7767b","Fraktion - Land","SPD-Fraktion im Bundestag","SPD – Sozialdemokratische Partei Deutschlands","",NA,"","","","","","spdbt","347792540","","","","","","","","","","","","","","2021-07-19T14:09:28Z","dboes-translator","",""
"d1070798-8544-4f14-8981-791b667cad49","Fraktion - Land","AfD-Fraktion im Bundestag","AfD - Alternative für Deutschland","",NA,"","","","","","AfD_BTFraktion","792437097344950272","","","","","","","","","","","","","","2021-07-19T14:09:28Z","dboes-translator","",""
"8c5843f6-23eb-4bf1-af57-e3f21b2215ee","Fraktion - Land","FDP-Fraktion im Bundestag","FDP – Freie Demokratische Partei","",NA,"","","","","","FDP_Fraktion","15836338","","","","","","","","","","","","","","2021-07-19T14:09:28Z","dboes-translator","",""
"e7ac1ae0-3736-4170-b259-94c3607fecd2","Fraktion - Land","LINKE-Fraktion im Bundestag","DIE LINKE","",NA,"","","","","","Linksfraktion","18933321","","","","","","","","","","","","","","2021-07-19T14:09:28Z","dboes-translator","",""
"2c44aea3-bb1f-4392-8850-d0d82c088d3d","Fraktion - Land","Bündnis90/Grüne-Fraktion im Bundestag","Bündnis 90/Die Grünen","",NA,"","","","","","GrueneBundestag","24725119","","","","","","","","","","","","","","2021-07-19T14:09:28Z","dboes-translator","",""
"f2e8b34f-3076-487a-8e0f-dc9cdd9c9936","Fraktion - Land","Baden-Württemberg CDU-Fraktion","CDU – Christlich Demokratische Union Deutschlands","",NA,"","","","","","CDU_FraktionBW","785422444119093248","","","","","","","","","","","","","","2021-07-19T14:09:28Z","dboes-translator","",""
"e7d37270-10e8-4644-81d2-bcbe66106d7d","Fraktion - Land","Baden-Württemberg BÜNDNIS 90/DIE GRÜNEN-Fraktion","Bündnis 90/Die Grünen","",NA,"","","","","","FraktionGruenBW","425720783","","","","","","","","","","","","","","2021-07-19T14:09:28Z","dboes-translator","",""
"b8220c37-c650-4b42-9615-890b2cfbdcc5","Fraktion - Land","Baden-Württemberg SPD-Fraktion","SPD – Sozialdemokratische Partei Deutschlands","",NA,"","","","","","spdlandtagbw","174208140","","","","","","","","","","","","","","2021-07-19T14:09:28Z","dboes-translator","",""
"393ea85e-75d8-4db7-88f0-398190e8a38e","Fraktion - Land","Baden-Württemberg FDP-Fraktion","FDP – Freie Demokratische Partei","",NA,"","","","","","fdpdvpfraktion","59847134","","","","","","","","","","","","","","2021-07-19T14:09:28Z","dboes-translator","",""
"ec8fa79e-77d7-439a-8a79-a67c97132adb","Fraktion - Land","Baden-Württemberg AfD-Fraktion","AfD - Alternative für Deutschland","",NA,"","","","","","afdfraktionbw","756416352122966016","","","","","","","","","","","","","","2021-07-19T14:09:28Z","dboes-translator","",""
"cd26e94c-ed30-4efb-960f-ca679151f0b8","Fraktion - Land","Bayern CSU-Fraktion","CSU – Christlich-Soziale Union in Bayern","",NA,"","","","","","csu_lt","486646781","","","","","","","","","","","","","","2021-07-19T14:09:28Z","dboes-translator","",""
"f8b6d995-4976-4c32-bcf5-8b5de1b4e607","Fraktion - Land","Bayern BÜNDNIS 90/DIE GRÜNEN-Fraktion","Bündnis 90/Die Grünen","",NA,"","","","","","GrueneLandtagBY","97189654","","","","","","","","","","","","","","2021-07-19T14:09:28Z","dboes-translator","",""
"580e664a-1cb4-40e8-b9d6-076ac4a3ccba","Fraktion - Land","Bayern SPD-Fraktion","SPD – Sozialdemokratische Partei Deutschlands","",NA,"","","","","","BayernGerechter","114696822","","","","","","","","","","","","","","2021-07-19T14:09:28Z","dboes-translator","",""
"9b2720f8-71fc-4cd8-9808-8ec06537c66f","Fraktion - Land","Bayern FREIE WÄHLER-Fraktion","Freie Wähler","",NA,"","","","","","fwlandtag","47565855","","","","","","","","","","","","","","2021-07-19T14:09:28Z","dboes-translator","",""
"cfa1f2f0-fad9-4a4d-bb9e-db099f979367","Partei insgesamt - Land","Bayern FREIE WÄHLER Landesgliederung","Freie Wähler","",NA,"","","","","","fw_bayern","48736143","","","","","","","","","","","","","","2021-07-19T14:09:28Z","dboes-translator","",""
"33e2c367-6dae-40c5-bdf2-9fe890acc96e","Fraktion - Land","Bayern FDP-Fraktion","FDP – Freie Demokratische Partei","",NA,"","","","","","fdpltby","1052109198702637056","","","","","","","","","","","","","","2021-07-19T14:09:28Z","dboes-translator","",""
"21836c3d-5d16-4a6f-a868-bcf2fca3b4a6","Fraktion - Land","Bayern AfD-Fraktion","AfD - Alternative für Deutschland","",NA,"","","","","","AfD_Bayern_LT","1054370188429328384","","","","","","","","","","","","","","2021-07-19T14:09:28Z","dboes-translator","",""
"3a4cac43-686a-4f04-b039-c58f58fca485","Fraktion - Land","Berlin CDU-Fraktion","CDU – Christlich Demokratische Union Deutschlands","",NA,"","","","","","CDUBerlin_AGH","210805639","","","","","","","","","","","","","","2021-07-19T14:09:28Z","dboes-translator","",""
"25f68635-b088-412b-ae84-b10965314479","Fraktion - Land","Berlin BÜNDNIS 90/DIE GRÜNEN-Fraktion","Bündnis 90/Die Grünen","",NA,"","","","","","GrueneFraktionB","79246788","","","","","","","","","","","","","","2021-07-19T14:09:28Z","dboes-translator","",""
"5f7bec54-3dd8-413b-87e7-68798317783b","Fraktion - Land","Berlin SPD-Fraktion","SPD – Sozialdemokratische Partei Deutschlands","",NA,"","","","","","spdberlin","23145078","","","","","","","","","","","","","","2021-07-19T14:09:28Z","dboes-translator","",""
"ed06a123-d03e-437f-b008-8531187fbc30","Fraktion - Land","Berlin DIE LINKE-Fraktion","DIE LINKE","",NA,"","","","","","LinksfraktionB","215995604","","","","","","","","","","","","","","2021-07-19T14:09:28Z","dboes-translator","",""
"ddf1531b-b969-4ab1-82d4-8fcfded9b39e","Fraktion - Land","Berlin FDP-Fraktion","FDP – Freie Demokratische Partei","",NA,"","","","","","FDPFraktionBLN","778462117431119873","","","","","","","","","","","","","","2021-07-19T14:09:28Z","dboes-translator","",""
"f9a7a4ba-6b58-49c1-bd27-678131a634a4","Fraktion - Land","Berlin AfD-Fraktion","AfD - Alternative für Deutschland","",NA,"","","","","","AfDBerlin","2356198197","","","","","","","","","","","","","","2021-07-19T14:09:28Z","dboes-translator","",""
"a8b3bd3c-c8c7-48ab-a9be-0d8a6ffe3616","Fraktion - Land","Brandenburg CDU-Fraktion","CDU – Christlich Demokratische Union Deutschlands","",NA,"","","","","","CDUFraktionBRB","316596312","","","","","","","","","","","","","","2021-07-19T14:09:28Z","dboes-translator","",""
"70e8d771-c053-4630-b32a-2729d5876c96","Fraktion - Land","Brandenburg BÜNDNIS 90/DIE GRÜNEN-Fraktion","Bündnis 90/Die Grünen","",NA,"","","","","","GrueneLTBB","236369243","","","","","","","","","","","","","","2021-07-19T14:09:28Z","dboes-translator","",""
"50398db3-cfc2-4f28-b933-8a1c00bc63af","Fraktion - Land","Brandenburg SPD-Fraktion","SPD – Sozialdemokratische Partei Deutschlands","",NA,"","","","","","spd_ltbb","906117640250425344","","","","","","","","","","","","","","2021-07-19T14:09:28Z","dboes-translator","",""
"9e9e90dd-1dfb-4d50-9cd7-31c4b9cf1673","Fraktion - Land","Brandenburg DIE LINKE-Fraktion","DIE LINKE","",NA,"","","","","","linke_ltbb","2894705032","","","","","","","","","","","","","","2021-07-19T14:09:28Z","dboes-translator","",""
"7c285a85-15dc-4652-bed5-bc21571c1eae","Fraktion - Land","Brandenburg Vereinigte Bürger/Freie Wähler","Freie Wähler","",NA,"","","","","","BVBFW","3052255354","","","","","","","","","","","","","","2021-07-19T14:09:28Z","dboes-translator","",""
"212a3914-a865-4391-b358-9428b1d16ef1","Fraktion - Land","Brandenburg AfD-Fraktion","AfD – Alternative für Deutschland","",NA,"","","","","","AfD_FraktionBB","3042326650","","","","","","","","","","","","","","2021-07-19T14:09:28Z","dboes-translator","",""
"22a7c8d6-933b-4233-9057-3f1e757a4e1f","Fraktion - Land","Bremen CDU-Fraktion","CDU – Christlich Demokratische Union Deutschlands","",NA,"","","","","","CDUFraktionHB","2433365455","","","","","","","","","","","","","","2021-07-19T14:09:28Z","dboes-translator","",""
"170ede54-31f3-4479-b9ad-060b0f381c15","Fraktion - Land","Bremen BÜNDNIS 90/DIE GRÜNEN-Fraktion","Bündnis 90/Die Grünen","",NA,"","","","","","","","","","","","","","","","","","","","","2021-07-19T14:09:28Z","dboes-translator","",""
"d2c27434-1f5b-431a-a65c-4898c8d0a96d","Fraktion - Land","Bremen SPD-Fraktion","SPD – Sozialdemokratische Partei Deutschlands","",NA,"","","","","","SPDLandBremen","1857200773","","","","","","","","","","","","","","2021-07-19T14:09:28Z","dboes-translator","",""
"c5eebda7-8803-46bf-887a-19e6cacceb47","Fraktion - Land","Bremen DIE LINKE-Fraktion","DIE LINKE","",NA,"","","","","","DieLinkeBremen","27998217","","","","","","","","","","","","","","2021-07-19T14:09:28Z","dboes-translator","",""
"240f7bb2-ee30-47a7-b20d-2f18095cbe69","Fraktion - Land","Bremen FDP-Fraktion","FDP – Freie Demokratische Partei","",NA,"","","","","","FDPFraktionHB","3375532702","","","","","","","","","","","","","","2021-07-19T14:09:28Z","dboes-translator","",""
"e968ff1f-dff0-4ee3-9fe5-a8de59131ddb","Fraktion - Land","Bremen M.R.F/AfD-Fraktion","AfD - Alternative für Deutschland","",NA,"","","","","","","","","","","","","","","","","","","","","2021-07-19T14:09:28Z","dboes-translator","",""
"d32c5c24-a40d-4224-98a6-42dea50b2497","Fraktion - Land","Hamburg CDU-Fraktion","CDU – Christlich Demokratische Union Deutschlands","",NA,"","","","","","CDU_Hamburg","467282887","","","","","","","","","","","","","","2021-07-19T14:09:28Z","dboes-translator","",""
"03dd9944-f293-40d5-bd90-75ab215e6453","Fraktion - Land","Hamburg BÜNDNIS 90/DIE GRÜNEN-Fraktion","Bündnis 90/Die Grünen","",NA,"","","","","","GRUENE_Hamburg","21385546","","","","","","","","","","","","","","2021-07-19T14:09:28Z","dboes-translator","",""
"88fc43ed-d779-4aec-8391-2917224b590a","Fraktion - Land","Hamburg SPD-Fraktion","SPD – Sozialdemokratische Partei Deutschlands","",NA,"","","","","","spdhh","20596523","","","","","","","","","","","","","","2021-07-19T14:09:28Z","dboes-translator","",""
"dd47f793-083c-4a5b-9831-a5aeaedd8396","Fraktion - Land","Hamburg DIE LINKE-Fraktion","DIE LINKE","",NA,"","","","","","linksfraktionhh","147285556","","","","","","","","","","","","","","2021-07-19T14:09:28Z","dboes-translator","",""
"a49c6b7f-dbe1-4096-a50d-3f8ace2d5830","Fraktion - Land","Hamburg AfD-Fraktion","AfD – Alternative für Deutschland","",NA,"","","","","","AfD_Fraktion_HH","4491612755","","","","","","","","","","","","","","2021-07-19T14:09:28Z","dboes-translator","",""
"2e07c810-fdf9-4ee8-857e-e5c3b86aa13f","Fraktion - Land","Hessen CDU-Fraktion","CDU – Christlich Demokratische Union Deutschlands","",NA,"","","","","","cdu_fraktion","115530315","","","","","","","","","","","","","","2021-07-19T14:09:28Z","dboes-translator","",""
"3d914cb1-52bc-4385-bce2-438fdda113d3","Fraktion - Land","Hessen BÜNDNIS 90/DIE GRÜNEN-Fraktion","Bündnis 90/Die Grünen","",NA,"","","","","","gruenehessen","213984085","","","","","","","","","","","","","","2021-07-19T14:09:28Z","dboes-translator","",""
"bd4c437f-7c53-46d1-89b6-859e070a9cad","Fraktion - Land","Hessen SPD-Fraktion","SPD – Sozialdemokratische Partei Deutschlands","",NA,"","","","","","","","","","","","","","","","","","","","","2021-07-19T14:09:28Z","dboes-translator","",""
"54b3bf08-69ca-4ca4-81ba-d5c2ae43e81f","Fraktion - Land","Hessen DIE LINKE-Fraktion","DIE LINKE","",NA,"","","","","","LinkeLTGHessen","1079105412","","","","","","","","","","","","","","2021-07-19T14:09:28Z","dboes-translator","",""
"75f38917-1cd4-4fdc-a96b-c747a9143784","Fraktion - Land","Hessen FDP-Fraktion","FDP – Freie Demokratische Partei","",NA,"","","","","","fdp_ltf_hessen","196489160","","","","","","","","","","","","","","2021-07-19T14:09:28Z","dboes-translator","",""
"c62d258d-08bd-407f-a97e-ed2bac09ca1c","Fraktion - Land","Hessen AfD-Fraktion","AfD - Alternative für Deutschland","",NA,"","","","","","","","","","","","","","","","","","","","","2021-07-19T14:09:28Z","dboes-translator","",""
"79a12acd-7265-4246-9ef5-af1649e649fa","Fraktion - Land","Mecklenburg-Vorpommern CDU-Fraktion","CDU – Christlich Demokratische Union Deutschlands","",NA,"","","","","","cdufraktion_mv","221680523","","","","","","","","","","","","","","2021-07-19T14:09:28Z","dboes-translator","",""
"0a1048a1-3f87-4d1d-b86c-1aadb778f512","Fraktion - Land","Mecklenburg-Vorpommern SPD-Fraktion","SPD – Sozialdemokratische Partei Deutschlands","",NA,"","","","","","SPDLandtagMV","2870660013","","","","","","","","","","","","","","2021-07-19T14:09:28Z","dboes-translator","",""
"4adcc714-127e-4c96-9d5d-ce015d8fc860","Fraktion - Land","Mecklenburg-Vorpommern DIE LINKE-Fraktion","DIE LINKE","",NA,"","","","","","LinksfraktionMV","864372422631448579","","","","","","","","","","","","","","2021-07-19T14:09:28Z","dboes-translator","",""
"7938207d-c68c-4bd7-af4f-d8bfec949518","Fraktion - Land","Mecklenburg-Vorpommern AfD-Fraktion","AfD - Alternative für Deutschland","",NA,"","","","","","AfDFraktion_MV","760860875242610688","","","","","","","","","","","","","","2021-07-19T14:09:28Z","dboes-translator","",""
"e2e4e322-d7ab-4ca1-a1a8-927b06d7445f","Fraktion - Land","Niedersachsen CDU-Fraktion","CDU – Christlich Demokratische Union Deutschlands","",NA,"","","","","","","","","","","","","","","","","","","","","2021-07-19T14:09:28Z","dboes-translator","",""
"fa58a240-a6b6-4986-a89e-a7b7a6cc407a","Fraktion - Land","Niedersachsen BÜNDNIS 90/DIE GRÜNEN-Fraktion","Bündnis 90/Die Grünen","",NA,"","","","","","grueneltnds","194101863","","","","","","","","","","","","","","2021-07-19T14:09:28Z","dboes-translator","",""
"2d36529a-0eff-4d7c-ada0-22913c6a8a49","Fraktion - Land","Niedersachsen SPD-Fraktion","SPD – Sozialdemokratische Partei Deutschlands","",NA,"","","","","","spd_fraktionnds","1667164734","","","","","","","","","","","","","","2021-07-19T14:09:28Z","dboes-translator","",""
"2b257e51-28e1-4943-b846-3b481d315352","Fraktion - Land","Niedersachsen FDP-Fraktion","FDP – Freie Demokratische Partei","",NA,"","","","","","","","","","","","","","","","","","","","","2021-07-19T14:09:28Z","dboes-translator","",""
"23de01c8-677b-458d-8aec-1d3d0a763180","Fraktion - Land","Nordrhein-Westfalen CDU-Fraktion","CDU – Christlich Demokratische Union Deutschlands","",NA,"","","","","","cdunrw_fraktion","539988898","","","","","","","","","","","","","","2021-07-19T14:09:28Z","dboes-translator","",""
"7659ba12-9556-4b43-b93b-3caae8754488","Fraktion - Land","Nordrhein-Westfalen BÜNDNIS 90/DIE GRÜNEN-Fraktion","Bündnis 90/Die Grünen","",NA,"","","","","","gruenefraknrw","556694779","","","","","","","","","","","","","","2021-07-19T14:09:28Z","dboes-translator","",""
"e5cabb54-742a-415d-82f4-c437c801fb20","Fraktion - Land","Nordrhein-Westfalen SPD-Fraktion","SPD – Sozialdemokratische Partei Deutschlands","",NA,"","","","","","spd_fraktion_nw","20131464","","","","","","","","","","","","","","2021-07-19T14:09:28Z","dboes-translator","",""
"dd9e3af0-d0c4-447e-8886-86704fca27b0","Fraktion - Land","Nordrhein-Westfalen FDP-Fraktion","FDP – Freie Demokratische Partei","",NA,"","","","","","fdpfraktionnrw","97421021","","","","","","","","","","","","","","2021-07-19T14:09:28Z","dboes-translator","",""
"e39d708c-64d3-4015-9fb7-979be8eb2c90","Fraktion - Land","Nordrhein-Westfalen AfD-Fraktion","AfD - Alternative für Deutschland","",NA,"","","","","","AfD_FraktionNRW","794249472972849152","","","","","","","","","","","","","","2021-07-19T14:09:28Z","dboes-translator","",""
"0a545e6b-1435-416b-9467-3e05eec0dd3e","Fraktion - Land","Rheinland-Pfalz CDU-Fraktion","CDU – Christlich Demokratische Union Deutschlands","",NA,"","","","","","cdufraktionrlp","327264213","","","","","","","","","","","","","","2021-07-19T14:09:28Z","dboes-translator","",""
"bd0df89f-a2bc-4a4a-9537-87b81927f6b8","Fraktion - Land","Rheinland-Pfalz BÜNDNIS 90/DIE GRÜNEN-Fraktion","Bündnis 90/Die Grünen","",NA,"","","","","","grueneltrlp","373872419","","","","","","","","","","","","","","2021-07-19T14:09:28Z","dboes-translator","",""
"208e3374-6856-4911-8e5c-b9575d008365","Fraktion - Land","Rheinland-Pfalz SPD-Fraktion","SPD – Sozialdemokratische Partei Deutschlands","",NA,"","","","","","spdfraktionrlp","2987148263","","","","","","","","","","","","","","2021-07-19T14:09:28Z","dboes-translator","",""
"f02ec6c3-16bb-4804-b59e-57cae39b6cc5","Fraktion - Land","Rheinland-Pfalz FDP-Fraktion","FDP – Freie Demokratische Partei","",NA,"","","","","","fdpfraktionrlp","733647449257041920","","","","","","","","","","","","","","2021-07-19T14:09:28Z","dboes-translator","",""
"61cdb12e-7de4-49a6-a883-994bc7138379","Fraktion - Land","Rheinland-Pfalz Freie Wähler-Fraktion","Freie Wähler","",NA,"","","","","","fw_rlp","792169243","","","","","","","","","","","","","","2021-07-19T14:09:28Z","dboes-translator","",""
"b16a6dbc-2db7-4f0c-8bc6-014992965d33","Fraktion - Land","Rheinland-Pfalz AfD-Fraktion","AfD - Alternative für Deutschland","",NA,"","","","","","AfDFraktionRLP","840194395026657280","","","","","","","","","","","","","","2021-07-19T14:09:28Z","dboes-translator","",""
"fdf8ec52-2834-40bb-aa32-ae02c4402008","Fraktion - Land","Saarland CDU-Fraktion","CDU – Christlich Demokratische Union Deutschlands","",NA,"","","","","","cdu_frak_saar","193234446","","","","","","","","","","","","","","2021-07-19T14:09:28Z","dboes-translator","",""
"39a793be-a638-40b4-97b5-c46ddbecc170","Fraktion - Land","Saarland SPD-Fraktion","SPD – Sozialdemokratische Partei Deutschlands","",NA,"","","","","","spdfraktionsaar","298999621","","","","","","","","","","","","","","2021-07-19T14:09:28Z","dboes-translator","",""
"68abb8d4-8824-43ee-b71f-33733a1be4c5","Fraktion - Land","Saarland DIE LINKE-Fraktion","DIE LINKE","",NA,"","","","","","saarlinke_lt","334558402","","","","","","","","","","","","","","2021-07-19T14:09:28Z","dboes-translator","",""
"d68374d2-30ca-491a-bf18-5770614a6f62","Fraktion - Land","Saarland AfD-Fraktion","AfD - Alternative für Deutschland","",NA,"","","","","","","","","","","","","","","","","","","","","2021-07-19T14:09:28Z","dboes-translator","",""
"423b39f6-2907-4f59-a11b-de949b924855","Fraktion - Land","Sachsen CDU-Fraktion","CDU – Christlich Demokratische Union Deutschlands","",NA,"","","","","","cdu_slt","709678309","","","","","","","","","","","","","","2021-07-19T14:09:28Z","dboes-translator","",""
"110f044b-17dd-4435-91c4-e041f77a4aad","Fraktion - Land","Sachsen SPD-Fraktion","SPD – Sozialdemokratische Partei Deutschlands","",NA,"","","","","","spdsaxlt","2814580256","","","","","","","","","","","","","","2021-07-19T14:09:28Z","dboes-translator","",""
"3156d5af-c403-4cf3-b075-5f3cf2690401","Fraktion - Land","Sachsen DIE LINKE-Fraktion","DIE LINKE","",NA,"","","","","","linke_ltsachsen","158389124","","","","","","","","","","","","","","2021-07-19T14:09:28Z","dboes-translator","",""
"d25ac93e-14c2-4c3c-a388-ad2d609ceb75","Fraktion - Land","Sachsen BÜNDNIS 90/DIE GRÜNEN-Fraktion","Bündnis 90/Die Grünen","",NA,"","","","","","saxgruen","529247899","","","","","","","","","","","","","","2021-07-19T14:09:28Z","dboes-translator","",""
"74c22485-e6a0-4b35-9e03-6b0d7716499d","Fraktion - Land","Sachsen AfD-Fraktion","AfD – Alternative für Deutschland","",NA,"","","","","","AfD_SLT","3223889675","","","","","","","","","","","","","","2021-07-19T14:09:28Z","dboes-translator","",""
"224d9ea4-3104-4aea-a9d9-88e066dd0dad","Fraktion - Land","Sachsen-Anhalt CDU-Fraktion","CDU – Christlich Demokratische Union Deutschlands","",NA,"","","","","","cdufraktion_lsa","2615159767","","","","","","","","","","","","","","2021-07-19T14:09:28Z","dboes-translator","",""
"0bcb55de-d9dc-4ab2-9b51-558f27b555d1","Fraktion - Land","Sachsen-Anhalt SPD-Fraktion","SPD – Sozialdemokratische Partei Deutschlands","",NA,"","","","","","spd_lt_lsa","769446460786106368","","","","","","","","","","","","","","2021-07-19T14:09:28Z","dboes-translator","",""
"12e5d878-dc6d-439a-99ff-150a241fb544","Fraktion - Land","Sachsen-Anhalt DIE LINKE-Fraktion","DIE LINKE","",NA,"","","","","","LinksfraktionSt","394842789","","","","","","","","","","","","","","2021-07-19T14:09:28Z","dboes-translator","",""
"bb68066a-e89a-4efc-8bcc-199135f0e52d","Fraktion - Land","Sachsen-Anhalt BÜNDNIS 90/DIE GRÜNEN-Fraktion","Bündnis 90/Die Grünen","",NA,"","","","","","GrueneFrakLSA","725939031364632576","","","","","","","","","","","","","","2021-07-19T14:09:28Z","dboes-translator","",""
"e89a792d-1932-454d-aae7-0823ed370f9b","Fraktion - Land","Sachsen-Anhalt AfD-Fraktion","AfD - Alternative für Deutschland","",NA,"","","","","","AfDFraktionLSA","755394295809634304","","","","","","","","","","","","","","2021-07-19T14:09:28Z","dboes-translator","",""
"732f8cd6-233c-4539-8db7-0723240df4ec","Fraktion - Land","Schleswig-Holstein CDU-Fraktion","CDU – Christlich Demokratische Union Deutschlands","",NA,"","","","","","CDUFraktionSH","2148936456","","","","","","","","","","","","","","2021-07-19T14:09:28Z","dboes-translator","",""
"a0d7b663-420a-4c4f-bb0a-b58ddcff2ad3","Fraktion - Land","Schleswig-Holstein SPD-Fraktion","SPD – Sozialdemokratische Partei Deutschlands","",NA,"","","","","","spd_ltsh","156282174","","","","","","","","","","","","","","2021-07-19T14:09:28Z","dboes-translator","",""
"b4ad77bf-26eb-4d05-b38a-43703289ef2b","Fraktion - Land","Schleswig-Holstein FDP-Fraktion","FDP – Freie Demokratische Partei","",NA,"","","","","","FDPFraktionSH","65596829","","","","","","","","","","","","","","2021-07-19T14:09:28Z","dboes-translator","",""
"72bb775f-a17a-4238-a34b-ce274b36631e","Fraktion - Land","Schleswig-Holstein BÜNDNIS 90/DIE GRÜNEN-Fraktion","Bündnis 90/Die Grünen","",NA,"","","","","","gruene_sh","17589578","","","","","","","","","","","","","","2021-07-19T14:09:28Z","dboes-translator","",""
"4885e01a-d4b0-41fb-a678-0e9f46864087","Fraktion - Land","Schleswig-Holstein SSW-Fraktion","Sonstige","",NA,"","","","","","","","","","","","","","","","","","","","","2021-07-19T14:09:28Z","dboes-translator","",""
"5d413870-8a6a-4c20-a7b5-a826f6213dc2","Partei insgesamt - Land","Schleswig-Holstein SSW-Landesgliederung","Sonstige","",NA,"","","","","","SSWpresse","628775217","","","","","","","","","","","","","","2021-07-19T14:09:28Z","dboes-translator","",""
"31e2bf20-bf98-4489-9b4d-e9890dd4f380","Fraktion - Land","Thüringen CDU-Fraktion","CDU – Christlich Demokratische Union Deutschlands","",NA,"","","","","","cdu_fraktion_th","96142129","","","","","","","","","","","","","","2021-07-19T14:09:28Z","dboes-translator","",""
"4a26d567-ed42-4af9-90b1-12c86921c6d3","Fraktion - Land","Thüringen SPD-Fraktion","SPD – Sozialdemokratische Partei Deutschlands","",NA,"","","","","","spdthl","151458334","","","","","","","","","","","","","","2021-07-19T14:09:28Z","dboes-translator","",""
"cc857d39-aa95-4a4d-b58b-c2032ebbe328","Fraktion - Land","Thüringen DIE LINKE-Fraktion","DIE LINKE","",NA,"","","","","","linke_thl","110680490","","","","","","","","","","","","","","2021-07-19T14:09:28Z","dboes-translator","",""
"fd8c47f6-cf1d-4bfa-b6ca-26de2b6175fa","Fraktion - Land","Thüringen BÜNDNIS 90/DIE GRÜNEN-Fraktion","Bündnis 90/Die Grünen","",NA,"","","","","","gruenethl","137322518","","","","","","","","","","","","","","2021-07-19T14:09:28Z","dboes-translator","",""
"6986734e-8f6f-4e48-8320-a7a2ce598c59","Fraktion - Land","Thüringen FDP-Fraktion","FDP – Freie Demokratische Partei","",NA,"","","","","","FDPFraktionTH","1197578466952187906","","","","","","","","","","","","","","2021-07-19T14:09:28Z","dboes-translator","",""
"edf6c1d2-7ed6-4aba-a4c8-fff6f165d6fe","Fraktion - Land","Thüringen AfD-Fraktion","AfD – Alternative für Deutschland","",NA,"","","","","","afd_thl","880056206135611392","","","","","","","","","","","","","","2021-07-19T14:09:28Z","dboes-translator","",""
