ListenID_23_04,Name,Kategorie,Typ,SM_TwitterURL,SM_TwitterID,SM_FacebookURL,SM_FacebookID,SM_InstagramURL,SM_InstagramID,K_Geschlecht,T_Abgeordneter,T_Partei,T_Domaene_Behoerde,K_Ursprungsgattung,K_Finanzierung,T_Mitglied_in_BPK
1,"""Kennste das?"" - Das Niedersachsen-Rätsel",1,5,existiert nicht,existiert nicht,existiert nicht,existiert nicht,existiert nicht,existiert nicht,,,,,Radio,öffentlich-rechtlich,
2,100% 80er,1,5,existiert nicht,existiert nicht,existiert nicht,existiert nicht,existiert nicht,existiert nicht,,,,,Radio,öffentlich-rechtlich,
3,100% 90er,1,5,existiert nicht,existiert nicht,existiert nicht,existiert nicht,existiert nicht,existiert nicht,,,,,Radio,öffentlich-rechtlich,
4,100% Dance,1,5,existiert nicht,existiert nicht,existiert nicht,existiert nicht,existiert nicht,existiert nicht,,,,,Radio,öffentlich-rechtlich,
5,100% Easy,1,5,existiert nicht,existiert nicht,existiert nicht,existiert nicht,existiert nicht,existiert nicht,,,,,Radio,öffentlich-rechtlich,
6,100% Made in Germany,1,5,existiert nicht,existiert nicht,existiert nicht,existiert nicht,existiert nicht,existiert nicht,,,,,Radio,öffentlich-rechtlich,
7,100% Rock,1,5,existiert nicht,existiert nicht,existiert nicht,existiert nicht,existiert nicht,existiert nicht,,,,,Radio,öffentlich-rechtlich,
8,100% Soul,1,5,existiert nicht,existiert nicht,existiert nicht,existiert nicht,existiert nicht,existiert nicht,,,,,Radio,öffentlich-rechtlich,
9,3 nach 9 ,1,5,https://twitter.com/3nach9,67599386,https://www.facebook.com/3nach9,141992959695,https://www.instagram.com/3nach9_official/,12277949652,,,,,TV,öffentlich-rechtlich,
10,3sat Kulturzeit,1,5,https://twitter.com/kulturzeit,21302594,existiert nicht,existiert nicht,existiert nicht,existiert nicht,,,,,TV,öffentlich-rechtlich,
11,5 gegen Jauch,1,5,existiert nicht,existiert nicht,existiert nicht,existiert nicht,existiert nicht,existiert nicht,,,,,TV,privat,
12,Abenteuer Leben,1,5,existiert nicht,existiert nicht,https://www.facebook.com/k1AbenteuerLeben,124698770942289,https://www.instagram.com/abenteuerleben/,11797789956,,,,,TV,privat,
13,akte. ,1,5,existiert nicht,existiert nicht,https://www.facebook.com/akte,256263064406822,https://www.instagram.com/aktesat1/,44551838042,,,,,TV,privat,
14,Aktenzeichen XY…ungelöst,1,5,https://twitter.com/xyaktenzeichen,3958191567,https://www.facebook.com/ZDFAktenzeichenXY,1944103275619650,existiert nicht,existiert nicht,,,,,TV,öffentlich-rechtlich,
15,Alarm für Cobra 11 – Die Autobahnpolizei,1,5,existiert nicht,existiert nicht,https://www.facebook.com/AlarmFuerCobra11,124104987628027,https://www.instagram.com/cobra11.rtl/,17044406321,,,,,TV,privat,
16,alles wissen,1,5,existiert nicht,existiert nicht,existiert nicht,existiert nicht,existiert nicht,existiert nicht,,,,,TV,öffentlich-rechtlich,
17,Antenne Brandenburg am Nachmittag,1,5,existiert nicht,existiert nicht,existiert nicht,existiert nicht,existiert nicht,existiert nicht,,,,,Radio,öffentlich-rechtlich,
18,Antenne Schlagerparty,1,5,existiert nicht,existiert nicht,existiert nicht,existiert nicht,existiert nicht,existiert nicht,,,,,Radio,öffentlich-rechtlich,
19,Antenne-Gespräch,1,5,existiert nicht,existiert nicht,existiert nicht,existiert nicht,existiert nicht,existiert nicht,,,,,Radio,öffentlich-rechtlich,
20,Arbeitsplatz,1,5,existiert nicht,existiert nicht,existiert nicht,existiert nicht,existiert nicht,existiert nicht,,,,,Radio,öffentlich-rechtlich,
21,ARD Buffet,1,5,existiert nicht,existiert nicht,https://www.facebook.com/ardbuffet,175685132455134,existiert nicht,existiert nicht,,,,,TV,öffentlich-rechtlich,
22,ARD Hitnacht,1,5,existiert nicht,existiert nicht,existiert nicht,existiert nicht,existiert nicht,existiert nicht,,,,,Radio,öffentlich-rechtlich,
23,ARD Popnacht,1,5,existiert nicht,existiert nicht,existiert nicht,existiert nicht,existiert nicht,existiert nicht,,,,,Radio,öffentlich-rechtlich,
24,ARTE Kurzschluss,1,5,existiert nicht,existiert nicht,existiert nicht,existiert nicht,existiert nicht,existiert nicht,,,,,TV,öffentlich-rechtlich,
25,ARTE Reportage,1,5,existiert nicht,existiert nicht,existiert nicht,existiert nicht,existiert nicht,existiert nicht,,,,,TV,öffentlich-rechtlich,
26,artour,1,5,existiert nicht,existiert nicht,existiert nicht,existiert nicht,existiert nicht,existiert nicht,,,,,TV,öffentlich-rechtlich,
27,Auf ein Wort,1,5,existiert nicht,existiert nicht,existiert nicht,existiert nicht,existiert nicht,existiert nicht,,,,,Radio,öffentlich-rechtlich,
28,Aufgefallen - das sächsiche Kulturmagazin,1,5,existiert nicht,existiert nicht,existiert nicht,existiert nicht,existiert nicht,existiert nicht,,,,,Radio,öffentlich-rechtlich,
29,Aus dem Leben,1,5,existiert nicht,existiert nicht,existiert nicht,existiert nicht,existiert nicht,existiert nicht,,,,,Radio,öffentlich-rechtlich,
30,Bachelor in Paradise,1,5,existiert nicht,existiert nicht,existiert nicht,existiert nicht,https://www.instagram.com/bachelor.rtl/,6855105866,,,,,TV,privat,
31,Bares für Rares,1,5,existiert nicht,existiert nicht,https://www.facebook.com/BaresfuerRares,1881865098735533,https://www.instagram.com/baresfuerrares/,5478931997,,,,,TV,öffentlich-rechtlich,
32,Bauer sucht Frau,1,5,existiert nicht,existiert nicht,https://www.facebook.com/BauerSuchtFrau.RTL,117684391607862,existiert nicht,existiert nicht,,,,,TV,privat,
33,Bayern 1 am Abend,1,5,existiert nicht,existiert nicht,existiert nicht,existiert nicht,existiert nicht,existiert nicht,,,,,Radio,öffentlich-rechtlich,
34,BAYERN 1 am Morgen,1,5,existiert nicht,existiert nicht,existiert nicht,existiert nicht,existiert nicht,existiert nicht,,,,,Radio,öffentlich-rechtlich,
35,BAYERN 1 am Nachmittag,1,5,existiert nicht,existiert nicht,existiert nicht,existiert nicht,existiert nicht,existiert nicht,,,,,Radio,öffentlich-rechtlich,
36,BAYERN 1 am Samstag,1,5,existiert nicht,existiert nicht,existiert nicht,existiert nicht,existiert nicht,existiert nicht,,,,,Radio,öffentlich-rechtlich,
37,BAYERN 1 am Vormittag,1,5,existiert nicht,existiert nicht,existiert nicht,existiert nicht,existiert nicht,existiert nicht,,,,,Radio,öffentlich-rechtlich,
38,Bayern erleben,1,5,existiert nicht,existiert nicht,existiert nicht,existiert nicht,existiert nicht,existiert nicht,,,,,TV,öffentlich-rechtlich,
39,Beat-Club,1,5,existiert nicht,existiert nicht,existiert nicht,existiert nicht,existiert nicht,existiert nicht,,,,,Radio,öffentlich-rechtlich,
40,Beauty & The Nerd,1,5,existiert nicht,existiert nicht,existiert nicht,existiert nicht,existiert nicht,existiert nicht,,,,,TV,privat,
41,Bei uns dehemm,1,5,existiert nicht,existiert nicht,existiert nicht,existiert nicht,existiert nicht,existiert nicht,,,,,Radio,öffentlich-rechtlich,
42,Best of…! Deutschlands schnellste Ranking-Show,1,5,existiert nicht,existiert nicht,existiert nicht,existiert nicht,existiert nicht,existiert nicht,,,,,TV,privat,
43,Bin ich schlauer als…?,1,5,existiert nicht,existiert nicht,existiert nicht,existiert nicht,existiert nicht,existiert nicht,,,,,TV,privat,
44,Blaue Couch,1,5,existiert nicht,existiert nicht,existiert nicht,existiert nicht,existiert nicht,existiert nicht,,,,,Radio,öffentlich-rechtlich,
45,Blickpunkt Sport,1,5,existiert nicht,existiert nicht,existiert nicht,existiert nicht,existiert nicht,existiert nicht,,,,,TV,öffentlich-rechtlich,
46,Bloß kein Stress,1,5,existiert nicht,existiert nicht,existiert nicht,existiert nicht,existiert nicht,existiert nicht,,,,,Radio,öffentlich-rechtlich,
47,BR Film und Serie,1,5,existiert nicht,existiert nicht,existiert nicht,existiert nicht,existiert nicht,existiert nicht,,,,,TV,öffentlich-rechtlich,
48,Brandenburger Begegnungen,1,5,existiert nicht,existiert nicht,existiert nicht,existiert nicht,existiert nicht,existiert nicht,,,,,Radio,öffentlich-rechtlich,
49,Bremen Eins Live,1,5,existiert nicht,existiert nicht,existiert nicht,existiert nicht,existiert nicht,existiert nicht,,,,,Radio,öffentlich-rechtlich,
50,Brisant,1,5,existiert nicht,existiert nicht,https://www.facebook.com/brisant,923848237713659,https://www.instagram.com/ard.brisant/,7378323529,,,,,TV,öffentlich-rechtlich,
51,Buchstaben Battle,1,5,existiert nicht,existiert nicht,existiert nicht,existiert nicht,existiert nicht,existiert nicht,,,,,TV,privat,
52,Bunte Funkminuten,1,5,existiert nicht,existiert nicht,existiert nicht,existiert nicht,existiert nicht,existiert nicht,,,,,Radio,öffentlich-rechtlich,
53,Campus & Karriere,1,5,existiert nicht,existiert nicht,existiert nicht,existiert nicht,existiert nicht,existiert nicht,,,,,Radio,öffentlich-rechtlich,
54,Capriccio,1,5,existiert nicht,existiert nicht,https://www.facebook.com/br.capriccio,987503531292024,existiert nicht,existiert nicht,,,,,TV,öffentlich-rechtlich,
55,CD der Woche,1,5,existiert nicht,existiert nicht,existiert nicht,existiert nicht,existiert nicht,existiert nicht,,,,,Radio,öffentlich-rechtlich,
56,Chez Krömer,1,5,existiert nicht,existiert nicht,existiert nicht,existiert nicht,existiert nicht,existiert nicht,,,,,TV,öffentlich-rechtlich,
57,Countryabend,1,5,existiert nicht,existiert nicht,existiert nicht,existiert nicht,existiert nicht,existiert nicht,,,,,Radio,öffentlich-rechtlich,
58,Das aktuelle Sportstudio,1,5,https://twitter.com/zdfsportstudio,304410941,https://www.facebook.com/ZDFsport,98379408534,https://www.instagram.com/sportstudio/,1319548709,,,,,TV,öffentlich-rechtlich,
59,Das Fazit vom Tag mit Andreas Menzel,1,5,existiert nicht,existiert nicht,existiert nicht,existiert nicht,existiert nicht,existiert nicht,,,,,Radio,öffentlich-rechtlich,
60,Das große Backen,1,5,existiert nicht,existiert nicht,https://www.facebook.com/dasgrossebacken,1782669148716330,https://www.instagram.com/dasgrossebacken/,8462212676,,,,,TV,privat,
61,Das Mittagsmagazin,1,5,existiert nicht,existiert nicht,existiert nicht,existiert nicht,existiert nicht,existiert nicht,,,,,Radio,öffentlich-rechtlich,
62,Das Morgenmagazin,1,5,existiert nicht,existiert nicht,existiert nicht,existiert nicht,existiert nicht,existiert nicht,,,,,Radio,öffentlich-rechtlich,
63,Das Sommerhaus der Stars – Kampf der Promipaare,1,5,existiert nicht,existiert nicht,https://www.facebook.com/DasSommerhausderStars.RTL,1715931148460722,https://www.instagram.com/dassommerhausderstars.rtl/,8138031704,,,,,TV,privat,
64,Das Supertalent,1,5,existiert nicht,existiert nicht,https://www.facebook.com/DasSupertalent.RTL,352452876652,https://www.instagram.com/supertalent/,8342320346,,,,,TV,privat,
65,Das war's: Ihr Wochenrückblick,1,5,existiert nicht,existiert nicht,existiert nicht,existiert nicht,existiert nicht,existiert nicht,,,,,Radio,öffentlich-rechtlich,
66,DAS!,1,5,https://twitter.com/das_rotesofa,978485970,https://www.facebook.com/ndrdas,141864529247686,existiert nicht,existiert nicht,,,,,TV,öffentlich-rechtlich,
67,De Klönkist,1,5,existiert nicht,existiert nicht,existiert nicht,existiert nicht,existiert nicht,existiert nicht,,,,,Radio,öffentlich-rechtlich,
68,De Plappermoehl,1,5,existiert nicht,existiert nicht,existiert nicht,existiert nicht,existiert nicht,existiert nicht,,,,,Radio,öffentlich-rechtlich,
69,De Woch up Platt,1,5,existiert nicht,existiert nicht,existiert nicht,existiert nicht,existiert nicht,existiert nicht,,,,,Radio,öffentlich-rechtlich,
70,"Denn sie wissen nicht, was passiert",1,5,existiert nicht,existiert nicht,existiert nicht,existiert nicht,existiert nicht,existiert nicht,,,,,TV,privat,
71,Der 80er Hit Abend,1,5,existiert nicht,existiert nicht,existiert nicht,existiert nicht,existiert nicht,existiert nicht,,,,,Radio,öffentlich-rechtlich,
72,Der Abend,1,5,existiert nicht,existiert nicht,existiert nicht,existiert nicht,existiert nicht,existiert nicht,,,,,Radio,öffentlich-rechtlich,
73,Der Bachelor,1,5,existiert nicht,existiert nicht,https://www.facebook.com/bachelor.rtl,569171623099926,https://www.instagram.com/bachelor.rtl/,6855105866,,,,,TV,privat,
74,Der Bremen Eins Musiktester,1,5,existiert nicht,existiert nicht,existiert nicht,existiert nicht,existiert nicht,existiert nicht,,,,,Radio,öffentlich-rechtlich,
75,Der Feierabend,1,5,existiert nicht,existiert nicht,existiert nicht,existiert nicht,existiert nicht,existiert nicht,,,,,Radio,öffentlich-rechtlich,
76,Der Große Liederabend,1,5,existiert nicht,existiert nicht,existiert nicht,existiert nicht,existiert nicht,existiert nicht,,,,,Radio,öffentlich-rechtlich,
77,Der Hamburg-Kommentar,1,5,existiert nicht,existiert nicht,existiert nicht,existiert nicht,existiert nicht,existiert nicht,,,,,Radio,öffentlich-rechtlich,
78,Der Hit-Jackpot,1,5,existiert nicht,existiert nicht,existiert nicht,existiert nicht,existiert nicht,existiert nicht,,,,,Radio,öffentlich-rechtlich,
79,Der Hit-Mixer - das Musikrätsel von NDR 1 Niedersachsen,1,5,existiert nicht,existiert nicht,existiert nicht,existiert nicht,existiert nicht,existiert nicht,,,,,Radio,öffentlich-rechtlich,
80,Der interaktive Sonntag mit Sören Oelrichs,1,5,existiert nicht,existiert nicht,existiert nicht,existiert nicht,existiert nicht,existiert nicht,,,,,Radio,öffentlich-rechtlich,
81,"Der Landfunk: Landwurtschaft, Verbraucher, Natur",1,5,existiert nicht,existiert nicht,existiert nicht,existiert nicht,existiert nicht,existiert nicht,,,,,Radio,öffentlich-rechtlich,
82,Der Mittag,1,5,existiert nicht,existiert nicht,existiert nicht,existiert nicht,existiert nicht,existiert nicht,,,,,Radio,öffentlich-rechtlich,
83,Der Morgen,1,5,existiert nicht,existiert nicht,existiert nicht,existiert nicht,existiert nicht,existiert nicht,,,,,Radio,öffentlich-rechtlich,
84,Der Nachmittag,1,5,existiert nicht,existiert nicht,existiert nicht,existiert nicht,existiert nicht,existiert nicht,,,,,Radio,öffentlich-rechtlich,
85,Der Nachmittag,1,5,existiert nicht,existiert nicht,existiert nicht,existiert nicht,existiert nicht,existiert nicht,,,,,Radio,öffentlich-rechtlich,
86,Der Nachmittag,1,5,existiert nicht,existiert nicht,existiert nicht,existiert nicht,existiert nicht,existiert nicht,,,,,Radio,öffentlich-rechtlich,
87,Der Radiogarten,1,5,existiert nicht,existiert nicht,existiert nicht,existiert nicht,existiert nicht,existiert nicht,,,,,Radio,öffentlich-rechtlich,
88,Der Samstag,1,5,existiert nicht,existiert nicht,existiert nicht,existiert nicht,existiert nicht,existiert nicht,,,,,Radio,öffentlich-rechtlich,
89,Der Tag,1,5,existiert nicht,existiert nicht,existiert nicht,existiert nicht,existiert nicht,existiert nicht,,,,,Radio,öffentlich-rechtlich,
90,Der Tag bei NDR 1 Radio MV,1,5,existiert nicht,existiert nicht,existiert nicht,existiert nicht,existiert nicht,existiert nicht,,,,,Radio,öffentlich-rechtlich,
91,Der Tag in Rheinland-Pfalz,1,5,existiert nicht,existiert nicht,existiert nicht,existiert nicht,existiert nicht,existiert nicht,,,,,Radio,öffentlich-rechtlich,
92,Der Vormittag,1,5,existiert nicht,existiert nicht,existiert nicht,existiert nicht,existiert nicht,existiert nicht,,,,,Radio,öffentlich-rechtlich,
93,Deutschland sucht den Superstar,1,5,https://twitter.com/rtl_dsds,111544509,https://www.facebook.com/DSDS,342504153220,https://www.instagram.com/dsds/,1093075055,,,,,TV,privat,
94,Die 60-Sekunden-Zeitmaschine,1,5,existiert nicht,existiert nicht,existiert nicht,existiert nicht,existiert nicht,existiert nicht,,,,,Radio,öffentlich-rechtlich,
95,Die 80er Show,1,5,existiert nicht,existiert nicht,existiert nicht,existiert nicht,existiert nicht,existiert nicht,,,,,Radio,öffentlich-rechtlich,
96,Die Alltagskämpfer - ÜberLeben in Deutschland,1,5,existiert nicht,existiert nicht,existiert nicht,existiert nicht,existiert nicht,existiert nicht,,,,,TV,privat,
97,Die Anstalt,1,5,existiert nicht,existiert nicht,https://www.facebook.com/die.anstalt.zdf,848629798549705,existiert nicht,existiert nicht,,,,,TV,öffentlich-rechtlich,
98,Die Bachelorette,1,5,existiert nicht,existiert nicht,https://www.facebook.com/diebachelorette.rtl,325294534314810,existiert nicht,existiert nicht,,,,,TV,privat,
99,Die Blaue Stunde,1,5,existiert nicht,existiert nicht,existiert nicht,existiert nicht,existiert nicht,existiert nicht,,,,,Radio,öffentlich-rechtlich,
100,Die Comedy Märchenstunde,1,5,existiert nicht,existiert nicht,existiert nicht,existiert nicht,existiert nicht,existiert nicht,,,,,TV,privat,
101,Die Deutsche Hitparade,1,5,existiert nicht,existiert nicht,existiert nicht,existiert nicht,existiert nicht,existiert nicht,,,,,Radio,öffentlich-rechtlich,
102,Die Entenjagd,1,5,existiert nicht,existiert nicht,existiert nicht,existiert nicht,existiert nicht,existiert nicht,,,,,Radio,öffentlich-rechtlich,
103,Die Experten,1,5,existiert nicht,existiert nicht,existiert nicht,existiert nicht,existiert nicht,existiert nicht,,,,,Radio,öffentlich-rechtlich,
104,Die Florian Schroeder Satireshow,1,5,existiert nicht,existiert nicht,https://www.facebook.com/Florian_schroeder_satireshow-110967821272055,110967821272055,existiert nicht,existiert nicht,,,,,TV,öffentlich-rechtlich,
105,Die Früh-Früh Show,1,5,existiert nicht,existiert nicht,existiert nicht,existiert nicht,existiert nicht,existiert nicht,,,,,Radio,öffentlich-rechtlich,
106,Die Fußball-Bundesliga,1,5,existiert nicht,existiert nicht,existiert nicht,existiert nicht,existiert nicht,existiert nicht,,,,,Radio,öffentlich-rechtlich,
107,Die Geschichte zum Hit,1,5,existiert nicht,existiert nicht,existiert nicht,existiert nicht,existiert nicht,existiert nicht,,,,,Radio,öffentlich-rechtlich,
108,Die Kulthitshow,1,5,existiert nicht,existiert nicht,existiert nicht,existiert nicht,existiert nicht,existiert nicht,,,,,Radio,öffentlich-rechtlich,
109,Die Mittagsschau kompakt,1,5,existiert nicht,existiert nicht,existiert nicht,existiert nicht,existiert nicht,existiert nicht,,,,,Radio,öffentlich-rechtlich,
110,Die Musik meines Lebens: Ihre Wunschhits!,1,5,existiert nicht,existiert nicht,existiert nicht,existiert nicht,existiert nicht,existiert nicht,,,,,Radio,öffentlich-rechtlich,
111,Die Nacht,1,5,existiert nicht,existiert nicht,existiert nicht,existiert nicht,existiert nicht,existiert nicht,,,,,Radio,öffentlich-rechtlich,
112,Die Nordreportage,1,5,existiert nicht,existiert nicht,existiert nicht,existiert nicht,existiert nicht,existiert nicht,,,,,TV,öffentlich-rechtlich,
113,Die Plattenkiste,1,5,existiert nicht,existiert nicht,existiert nicht,existiert nicht,existiert nicht,existiert nicht,,,,,Radio,öffentlich-rechtlich,
114,Die Ratgeber,1,5,existiert nicht,existiert nicht,existiert nicht,existiert nicht,existiert nicht,existiert nicht,,,,,TV,öffentlich-rechtlich,
115,Die Rosenheim-Cops,1,5,https://twitter.com/rosenheim_cops,939634753292132352,https://www.facebook.com/RoCopsOriginal,969630243065964,https://www.instagram.com/dierosenheimcops/,6505900008,,,,,TV,öffentlich-rechtlich,
116,Die Rundschau,1,5,existiert nicht,existiert nicht,existiert nicht,existiert nicht,existiert nicht,existiert nicht,,,,,Radio,öffentlich-rechtlich,
117,Die Stefan Kuna Show auf NDR 1 Radio MV,1,5,existiert nicht,existiert nicht,existiert nicht,existiert nicht,existiert nicht,existiert nicht,,,,,Radio,öffentlich-rechtlich,
118,Die Steffi Neu Show,1,5,existiert nicht,existiert nicht,existiert nicht,existiert nicht,existiert nicht,existiert nicht,,,,,Radio,öffentlich-rechtlich,
119,Die ultimative Chartshow,1,5,existiert nicht,existiert nicht,existiert nicht,existiert nicht,existiert nicht,existiert nicht,,,,,TV,privat,
120,Die Welt snackt Platt,1,5,existiert nicht,existiert nicht,existiert nicht,existiert nicht,existiert nicht,existiert nicht,,,,,Radio,öffentlich-rechtlich,
121,Dienstags direkt,1,5,existiert nicht,existiert nicht,existiert nicht,existiert nicht,existiert nicht,existiert nicht,,,,,Radio,öffentlich-rechtlich,
122,Disco,1,5,existiert nicht,existiert nicht,existiert nicht,existiert nicht,existiert nicht,existiert nicht,,,,,Radio,öffentlich-rechtlich,
123,Dokus im Ersten,1,5,existiert nicht,existiert nicht,existiert nicht,existiert nicht,existiert nicht,existiert nicht,,,,,TV,öffentlich-rechtlich,
124,Dr. Hase hilft - Fragen aus dem Leben im Radio,1,5,existiert nicht,existiert nicht,existiert nicht,existiert nicht,existiert nicht,existiert nicht,,,,,Radio,öffentlich-rechtlich,
125,Druckfrisch,1,5,existiert nicht,existiert nicht,existiert nicht,existiert nicht,existiert nicht,existiert nicht,,,,,TV,öffentlich-rechtlich,
126,Düt un dat op Platt,1,5,existiert nicht,existiert nicht,existiert nicht,existiert nicht,existiert nicht,existiert nicht,,,,,Radio,öffentlich-rechtlich,
127,Einfach genial,1,5,existiert nicht,existiert nicht,existiert nicht,existiert nicht,existiert nicht,existiert nicht,,,,,TV,öffentlich-rechtlich,
128,Endlich Freitag im Ersten (Label des Film-Sendeplatz 20:15),1,5,existiert nicht,existiert nicht,https://www.facebook.com/EndlichFreitagimErsten,1782756325305660,existiert nicht,existiert nicht,,,,,TV,öffentlich-rechtlich,
129,Eurovision Song Contest,1,5,https://twitter.com/eurovisionde,20069125,https://www.facebook.com/EurovisionDE,229742890093,https://www.instagram.com/eurovision_de/,2234696647,,,,,TV,öffentlich-rechtlich,
130,Exclusiv - Das Starmagazin,1,5,https://twitter.com/rtl_exclusiv,65046280,https://www.facebook.com/RTLexclusiv,212099256910,https://www.instagram.com/rtl_exclusiv/,1982355147,,,,,TV,privat,
131,Exclusiv - Weekend,1,5,existiert nicht,existiert nicht,existiert nicht,existiert nicht,existiert nicht,existiert nicht,,,,,TV,privat,
132,Exklusiv - Die Reportage,1,5,existiert nicht,existiert nicht,existiert nicht,existiert nicht,existiert nicht,existiert nicht,,,,,TV,privat,
133,Explosiv - Das Magazin,1,5,https://twitter.com/rtlexplosiv,61180860,https://www.facebook.com/rtl.explosiv,109554329073084,https://www.instagram.com/rtl.explosiv/,10386464981,,,,,TV,privat,
134,Explosiv - Weekend,1,5,existiert nicht,existiert nicht,existiert nicht,existiert nicht,existiert nicht,existiert nicht,,,,,TV,privat,
135,Exquisit,1,5,existiert nicht,existiert nicht,existiert nicht,existiert nicht,existiert nicht,existiert nicht,,,,,Radio,öffentlich-rechtlich,
136,Extra – Das RTL-Magazin,1,5,existiert nicht,existiert nicht,https://www.facebook.com/EXTRA.RTL,229745323881807,existiert nicht,existiert nicht,,,,,TV,privat,
137,extra 3,1,5,https://twitter.com/extra3,16745492,https://www.facebook.com/extra3,37621248917,https://www.instagram.com/extra3/,2004737132,,,,,TV,öffentlich-rechtlich,
138,Fairplay am Samstagnachmittag,1,5,existiert nicht,existiert nicht,existiert nicht,existiert nicht,existiert nicht,existiert nicht,,,,,Radio,öffentlich-rechtlich,
139,Fakt ist!,1,5,existiert nicht,existiert nicht,existiert nicht,existiert nicht,existiert nicht,existiert nicht,,,,,TV,öffentlich-rechtlich,
140,Feel Hamburg,1,5,existiert nicht,existiert nicht,existiert nicht,existiert nicht,existiert nicht,existiert nicht,,,,,Radio,öffentlich-rechtlich,
141,Flirteinander,1,5,existiert nicht,existiert nicht,existiert nicht,existiert nicht,existiert nicht,existiert nicht,,,,,Radio,öffentlich-rechtlich,
142,Forschung aktuell,1,5,existiert nicht,existiert nicht,existiert nicht,existiert nicht,existiert nicht,existiert nicht,,,,,Radio,öffentlich-rechtlich,
143,Franken Tatort,1,5,https://twitter.com/brfrankentatort,883061690,existiert nicht,existiert nicht,existiert nicht,existiert nicht,,,,,TV,öffentlich-rechtlich,
144,frauTV,1,5,https://twitter.com/frautv,90235714,https://www.facebook.com/Frautv,296289606573,existiert nicht,existiert nicht,,,,,TV,öffentlich-rechtlich,
145,Free European Song Contest,1,5,existiert nicht,existiert nicht,https://www.facebook.com/FreeEuropeanSongContest,1834069786812640,https://www.instagram.com/free_european_songcontest/,34706715766,,,,,TV,privat,
146,Friemeleien,1,5,existiert nicht,existiert nicht,existiert nicht,existiert nicht,existiert nicht,existiert nicht,,,,,Radio,öffentlich-rechtlich,
147,Friesisch,1,5,existiert nicht,existiert nicht,existiert nicht,existiert nicht,existiert nicht,existiert nicht,,,,,Radio,öffentlich-rechtlich,
148,Froh in den Sonntag,1,5,existiert nicht,existiert nicht,existiert nicht,existiert nicht,existiert nicht,existiert nicht,,,,,Radio,öffentlich-rechtlich,
149,Funkbilder - der Tag,1,5,existiert nicht,existiert nicht,existiert nicht,existiert nicht,existiert nicht,existiert nicht,,,,,Radio,öffentlich-rechtlich,
150,Funkkalender,1,5,existiert nicht,existiert nicht,existiert nicht,existiert nicht,existiert nicht,existiert nicht,,,,,Radio,öffentlich-rechtlich,
151,Galileo,1,5,https://twitter.com/galileolive,104863759,https://www.facebook.com/Galileo,57541544534,https://www.instagram.com/galileo/,977168283,,,,,TV,privat,
152,Gartentipps,1,5,existiert nicht,existiert nicht,existiert nicht,existiert nicht,existiert nicht,existiert nicht,,,,,Radio,öffentlich-rechtlich,
153,Gedanken zum Tag,1,5,existiert nicht,existiert nicht,existiert nicht,existiert nicht,existiert nicht,existiert nicht,,,,,Radio,öffentlich-rechtlich,
154,Gefragt – Gejagt,1,5,https://twitter.com/GefragtGejagt,741716796412207104,https://www.facebook.com/gefragtgejagt,1388789034755817,https://www.instagram.com/gefragtgejagtoffiziell/,6728987832,,,,,TV,öffentlich-rechtlich,
155,Germany's Next Topmodel,1,5,https://twitter.com/gntm,17411675,https://www.facebook.com/germanysnexttopmodel,76620179938,https://www.instagram.com/germanysnexttopmodel/,794629920,,,,,TV,privat,
156,Große Freiheit,1,5,existiert nicht,existiert nicht,existiert nicht,existiert nicht,existiert nicht,existiert nicht,,,,,Radio,öffentlich-rechtlich,
157,Großstadtrevier,1,5,existiert nicht,existiert nicht,https://www.facebook.com/Grossstadtrevier,256587697731360,existiert nicht,existiert nicht,,,,,TV,öffentlich-rechtlich,
158,Grüße und Musik,1,5,existiert nicht,existiert nicht,existiert nicht,existiert nicht,existiert nicht,existiert nicht,,,,,Radio,öffentlich-rechtlich,
159,Gut leben in Berlin,1,5,existiert nicht,existiert nicht,existiert nicht,existiert nicht,existiert nicht,existiert nicht,,,,,Radio,öffentlich-rechtlich,
160,Gut zu wissen,1,5,existiert nicht,existiert nicht,existiert nicht,existiert nicht,existiert nicht,existiert nicht,,,,,Radio,öffentlich-rechtlich,
161,Guten Abend,1,5,existiert nicht,existiert nicht,existiert nicht,existiert nicht,existiert nicht,existiert nicht,,,,,Radio,öffentlich-rechtlich,
162,Guten Morgen,1,5,existiert nicht,existiert nicht,existiert nicht,existiert nicht,existiert nicht,existiert nicht,,,,,Radio,öffentlich-rechtlich,
163,Guten Morgen Berlin,1,5,existiert nicht,existiert nicht,existiert nicht,existiert nicht,existiert nicht,existiert nicht,,,,,Radio,öffentlich-rechtlich,
164,Guten Morgen Brandenburg,1,5,existiert nicht,existiert nicht,existiert nicht,existiert nicht,existiert nicht,existiert nicht,,,,,Radio,öffentlich-rechtlich,
165,Guten Morgen Rheinland-Pfalz,1,5,existiert nicht,existiert nicht,existiert nicht,existiert nicht,existiert nicht,existiert nicht,,,,,Radio,öffentlich-rechtlich,
166,Guten Morgen Sachsen,1,5,existiert nicht,existiert nicht,existiert nicht,existiert nicht,existiert nicht,existiert nicht,,,,,Radio,öffentlich-rechtlich,
167,Hallo Brandenburg,1,5,existiert nicht,existiert nicht,existiert nicht,existiert nicht,existiert nicht,existiert nicht,,,,,Radio,öffentlich-rechtlich,
168,hallo deutschland ZDF,1,5,existiert nicht,existiert nicht,existiert nicht,existiert nicht,existiert nicht,existiert nicht,,,,,TV,öffentlich-rechtlich,
169,hallo hessen,1,5,existiert nicht,existiert nicht,existiert nicht,existiert nicht,existiert nicht,existiert nicht,,,,,TV,öffentlich-rechtlich,
170,Hamburg Sounds,1,5,existiert nicht,existiert nicht,existiert nicht,existiert nicht,existiert nicht,existiert nicht,,,,,Radio,öffentlich-rechtlich,
171,Hamburger Hafenkonzert,1,5,existiert nicht,existiert nicht,existiert nicht,existiert nicht,existiert nicht,existiert nicht,,,,,Radio,öffentlich-rechtlich,
172,Här mal 'n beten to,1,5,existiert nicht,existiert nicht,existiert nicht,existiert nicht,existiert nicht,existiert nicht,,,,,Radio,öffentlich-rechtlich,
173,Hardy & Mike,1,5,existiert nicht,existiert nicht,existiert nicht,existiert nicht,existiert nicht,existiert nicht,,,,,Radio,öffentlich-rechtlich,
174,Hausparty,1,5,existiert nicht,existiert nicht,existiert nicht,existiert nicht,existiert nicht,existiert nicht,,,,,Radio,öffentlich-rechtlich,
175,heimspiel!,1,5,existiert nicht,existiert nicht,existiert nicht,existiert nicht,existiert nicht,existiert nicht,,,,,TV,öffentlich-rechtlich,
176,Heißmann + Rassau,1,5,existiert nicht,existiert nicht,existiert nicht,existiert nicht,existiert nicht,existiert nicht,,,,,TV,öffentlich-rechtlich,
177,herkules,1,5,existiert nicht,existiert nicht,existiert nicht,existiert nicht,existiert nicht,existiert nicht,,,,,TV,öffentlich-rechtlich,
178,heute-show,1,5,https://twitter.com/heuteshow,2785317370,https://www.facebook.com/heuteshow,264820405985,https://www.instagram.com/heuteshow/,3887691024,,,,,TV,öffentlich-rechtlich,
179,Hey Music,1,5,existiert nicht,existiert nicht,existiert nicht,existiert nicht,existiert nicht,existiert nicht,,,,,Radio,öffentlich-rechtlich,
180,Hitnacht,1,5,existiert nicht,existiert nicht,existiert nicht,existiert nicht,existiert nicht,existiert nicht,,,,,Radio,öffentlich-rechtlich,
181,hr1 am Abend,1,5,existiert nicht,existiert nicht,existiert nicht,existiert nicht,existiert nicht,existiert nicht,,,,,Radio,öffentlich-rechtlich,
182,hr1 am Mittag,1,5,existiert nicht,existiert nicht,existiert nicht,existiert nicht,existiert nicht,existiert nicht,,,,,Radio,öffentlich-rechtlich,
183,hr1 am Nachmittag,1,5,existiert nicht,existiert nicht,existiert nicht,existiert nicht,existiert nicht,existiert nicht,,,,,Radio,öffentlich-rechtlich,
184,hr1 am Vormittag,1,5,existiert nicht,existiert nicht,existiert nicht,existiert nicht,existiert nicht,existiert nicht,,,,,Radio,öffentlich-rechtlich,
185,hr1 Live Lounge,1,5,existiert nicht,existiert nicht,existiert nicht,existiert nicht,existiert nicht,existiert nicht,,,,,Radio,öffentlich-rechtlich,
186,hr1-Dolce Vita,1,5,existiert nicht,existiert nicht,existiert nicht,existiert nicht,existiert nicht,existiert nicht,,,,,Radio,öffentlich-rechtlich,
187,hr1-Koschwitz am Morgen,1,5,existiert nicht,existiert nicht,existiert nicht,existiert nicht,existiert nicht,existiert nicht,,,,,Radio,öffentlich-rechtlich,
188,hr1-Mixtape,1,5,existiert nicht,existiert nicht,existiert nicht,existiert nicht,existiert nicht,existiert nicht,,,,,Radio,öffentlich-rechtlich,
189,hr1-Song Connection,1,5,existiert nicht,existiert nicht,existiert nicht,existiert nicht,existiert nicht,existiert nicht,,,,,Radio,öffentlich-rechtlich,
190,Hubert ohne Staller,1,5,existiert nicht,existiert nicht,https://www.facebook.com/hubertohnestaller,245750195476702,https://www.instagram.com/hubertohnestaller_official/,13990042610,,,,,TV,öffentlich-rechtlich,
191,I Can See Your Voice,1,5,existiert nicht,existiert nicht,existiert nicht,existiert nicht,existiert nicht,existiert nicht,,,,,TV,privat,
192,Ich bin ein Star – Holt mich hier raus!,1,5,existiert nicht,existiert nicht,https://www.facebook.com/IchBinEinStar,152244254820340,https://www.instagram.com/ichbineinstar.rtl/,6858162712,,,,,TV,privat,
193,Ihr Feierabend,1,5,existiert nicht,existiert nicht,existiert nicht,existiert nicht,existiert nicht,existiert nicht,,,,,Radio,öffentlich-rechtlich,
194,Ihr Horoskop,1,5,existiert nicht,existiert nicht,existiert nicht,existiert nicht,existiert nicht,existiert nicht,,,,,Radio,öffentlich-rechtlich,
195,Ihr Lieblingplatz,1,5,existiert nicht,existiert nicht,existiert nicht,existiert nicht,existiert nicht,existiert nicht,,,,,Radio,öffentlich-rechtlich,
196,Ihr Morgen,1,5,existiert nicht,existiert nicht,existiert nicht,existiert nicht,existiert nicht,existiert nicht,,,,,Radio,öffentlich-rechtlich,
197,Ihr Nachmittag,1,5,existiert nicht,existiert nicht,existiert nicht,existiert nicht,existiert nicht,existiert nicht,,,,,Radio,öffentlich-rechtlich,
198,Ihr Vormittag,1,5,existiert nicht,existiert nicht,existiert nicht,existiert nicht,existiert nicht,existiert nicht,,,,,Radio,öffentlich-rechtlich,
199,Ihr Wochenende,1,5,existiert nicht,existiert nicht,existiert nicht,existiert nicht,existiert nicht,existiert nicht,,,,,Radio,öffentlich-rechtlich,
200,It's my life - Die 90er Show,1,5,existiert nicht,existiert nicht,existiert nicht,existiert nicht,existiert nicht,existiert nicht,,,,,Radio,öffentlich-rechtlich,
201,Jazztime,1,5,existiert nicht,existiert nicht,existiert nicht,existiert nicht,existiert nicht,existiert nicht,,,,,Radio,öffentlich-rechtlich,
202,JENKE.,1,5,existiert nicht,existiert nicht,https://www.facebook.com/JenkePro7,109237394305534,https://www.instagram.com/jenkepro7/,44244729613,,,,,TV,privat,
203,Johannes und der Morgenhahn,1,5,existiert nicht,existiert nicht,existiert nicht,existiert nicht,existiert nicht,existiert nicht,,,,,Radio,öffentlich-rechtlich,
204,Joko & Klaas gegen ProSieben,1,5,existiert nicht,existiert nicht,existiert nicht,existiert nicht,existiert nicht,existiert nicht,,,,,TV,privat,
205,Joko gegen Klaas – Das Duell um die Welt,1,5,existiert nicht,existiert nicht,existiert nicht,existiert nicht,existiert nicht,existiert nicht,,,,,TV,privat,
206,Jörg Thadeusz,1,5,existiert nicht,existiert nicht,existiert nicht,existiert nicht,existiert nicht,existiert nicht,,,,,Radio,öffentlich-rechtlich,
207,K1 Magazin ,1,5,existiert nicht,existiert nicht,existiert nicht,existiert nicht,existiert nicht,existiert nicht,,,,,TV,privat,
208,K11 – Die neuen Fälle,1,5,existiert nicht,existiert nicht,https://www.facebook.com/K11DieNeuenFaelle,162892430425579,existiert nicht,existiert nicht,,,,,TV,privat,
209,"Kappes, Klöße, Kokosmilch",1,5,existiert nicht,existiert nicht,existiert nicht,existiert nicht,existiert nicht,existiert nicht,,,,,Radio,öffentlich-rechtlich,
210,kinokino,1,5,existiert nicht,existiert nicht,existiert nicht,existiert nicht,existiert nicht,existiert nicht,,,,,TV,öffentlich-rechtlich,
211,Kinotipp,1,5,existiert nicht,existiert nicht,existiert nicht,existiert nicht,existiert nicht,existiert nicht,,,,,Radio,öffentlich-rechtlich,
212,Kiosk,1,5,existiert nicht,existiert nicht,existiert nicht,existiert nicht,existiert nicht,existiert nicht,,,,,Radio,öffentlich-rechtlich,
213,Kitchen Impossible,1,5,existiert nicht,existiert nicht,https://www.facebook.com/KitchenImpossible.VOX,821111768015272,existiert nicht,existiert nicht,,,,,TV,privat,
214,Klein gegen Groß,1,5,existiert nicht,existiert nicht,existiert nicht,existiert nicht,existiert nicht,existiert nicht,,,,,TV,öffentlich-rechtlich,
215,Kölner Treff,1,5,existiert nicht,existiert nicht,https://www.facebook.com/koelnertreffwdr,338029309880185,existiert nicht,existiert nicht,,,,,TV,öffentlich-rechtlich,
216,Kowalski & Schmidt,1,5,existiert nicht,existiert nicht,existiert nicht,existiert nicht,existiert nicht,existiert nicht,,,,,TV,öffentlich-rechtlich,
217,Kreuz und quer,1,5,existiert nicht,existiert nicht,existiert nicht,existiert nicht,existiert nicht,existiert nicht,,,,,Radio,öffentlich-rechtlich,
218,Kroymann,1,5,existiert nicht,existiert nicht,https://www.facebook.com/KroymannARD,100045360312840,https://www.instagram.com/kroymann_ard/,31868851240,,,,,TV,öffentlich-rechtlich,
219,Kulturjournal,1,5,existiert nicht,existiert nicht,existiert nicht,existiert nicht,existiert nicht,existiert nicht,,,,,Radio,öffentlich-rechtlich,
220,Kulturnacht,1,5,existiert nicht,existiert nicht,existiert nicht,existiert nicht,existiert nicht,existiert nicht,,,,,Radio,öffentlich-rechtlich,
221,Kulturspiegel,1,5,existiert nicht,existiert nicht,existiert nicht,existiert nicht,existiert nicht,existiert nicht,,,,,Radio,öffentlich-rechtlich,
222,Kunscht!,1,5,existiert nicht,existiert nicht,existiert nicht,existiert nicht,existiert nicht,existiert nicht,,,,,TV,öffentlich-rechtlich,
223,Kunst + Krempel,1,5,existiert nicht,existiert nicht,existiert nicht,existiert nicht,existiert nicht,existiert nicht,,,,,TV,öffentlich-rechtlich,
224,Kunstkaten,1,5,existiert nicht,existiert nicht,existiert nicht,existiert nicht,existiert nicht,existiert nicht,,,,,Radio,öffentlich-rechtlich,
225,Kuntze und Kuntze,1,5,existiert nicht,existiert nicht,existiert nicht,existiert nicht,existiert nicht,existiert nicht,,,,,Radio,öffentlich-rechtlich,
226,Ladies Night,1,5,existiert nicht,existiert nicht,existiert nicht,existiert nicht,existiert nicht,existiert nicht,,,,,TV,öffentlich-rechtlich,
227,Land und Leute,1,5,existiert nicht,existiert nicht,existiert nicht,existiert nicht,existiert nicht,existiert nicht,,,,,Radio,öffentlich-rechtlich,
228,Ländermagazin,1,5,existiert nicht,existiert nicht,existiert nicht,existiert nicht,existiert nicht,existiert nicht,,,,,TV,öffentlich-rechtlich,
229,Langer Samstag,1,5,existiert nicht,existiert nicht,existiert nicht,existiert nicht,existiert nicht,existiert nicht,,,,,Radio,öffentlich-rechtlich,
230,Late Night Berlin,1,5,https://twitter.com/latenightberlin,1095435674,https://www.facebook.com/LateNightBerlin/,189244634555020,https://www.instagram.com/latenightberlin/,289602056,,,,,TV,privat,
231,lebensArt,1,5,existiert nicht,existiert nicht,existiert nicht,existiert nicht,existiert nicht,existiert nicht,,,,,TV,öffentlich-rechtlich,
232,Lego Masters,1,5,existiert nicht,existiert nicht,existiert nicht,existiert nicht,existiert nicht,existiert nicht,,,,,TV,privat,
233,Leschs Kosmos,1,5,existiert nicht,existiert nicht,existiert nicht,existiert nicht,existiert nicht,existiert nicht,,,,,TV,öffentlich-rechtlich,
234,lesenswert ,1,5,existiert nicht,existiert nicht,existiert nicht,existiert nicht,existiert nicht,existiert nicht,,,,,TV,öffentlich-rechtlich,
235,Lesezeit,1,5,existiert nicht,existiert nicht,existiert nicht,existiert nicht,existiert nicht,existiert nicht,,,,,Radio,öffentlich-rechtlich,
236,Let the music play – Das Hit Quiz,1,5,existiert nicht,existiert nicht,existiert nicht,existiert nicht,existiert nicht,existiert nicht,,,,,TV,privat,
237,Let's Dance,1,5,https://twitter.com/RTL_LetsDance,1224697589892861952,https://www.facebook.com/letsdance.RTL,107044789332155,https://www.instagram.com/letsdance/,4677547130,,,,,TV,privat,
238,Leute,1,5,existiert nicht,existiert nicht,existiert nicht,existiert nicht,existiert nicht,existiert nicht,,,,,Radio,öffentlich-rechtlich,
239,Leute Heute,1,5,https://twitter.com/leuteheute,1128188090,existiert nicht,existiert nicht,existiert nicht,existiert nicht,,,,,TV,öffentlich-rechtlich,
240,Lieder und Chansons,1,5,existiert nicht,existiert nicht,existiert nicht,existiert nicht,existiert nicht,existiert nicht,,,,,Radio,öffentlich-rechtlich,
241,"Life – Menschen, Momente, Geschichten ",1,5,existiert nicht,existiert nicht,https://www.facebook.com/RTLLife,398997070611868,existiert nicht,existiert nicht,,,,,TV,privat,
242,Lollipop,1,5,existiert nicht,existiert nicht,existiert nicht,existiert nicht,existiert nicht,existiert nicht,,,,,Radio,öffentlich-rechtlich,
243,m€x – Das Marktmagazin,1,5,existiert nicht,existiert nicht,existiert nicht,existiert nicht,existiert nicht,existiert nicht,,,,,TV,öffentlich-rechtlich,
244,Made in Germany,1,5,existiert nicht,existiert nicht,existiert nicht,existiert nicht,existiert nicht,existiert nicht,,,,,Radio,öffentlich-rechtlich,
245,maintower,1,5,existiert nicht,existiert nicht,https://www.facebook.com/maintower,1408917775986651,existiert nicht,existiert nicht,,,,,TV,öffentlich-rechtlich,
246,maintower weekend,1,5,existiert nicht,existiert nicht,existiert nicht,existiert nicht,existiert nicht,existiert nicht,,,,,TV,öffentlich-rechtlich,
247,maischberger. die woche,1,5,https://twitter.com/maischberger?lang=de,1860407786,https://www.facebook.com/maischberger,217638732432,existiert nicht,existiert nicht,,,,,TV,öffentlich-rechtlich,
248,makro,1,5,existiert nicht,existiert nicht,existiert nicht,existiert nicht,existiert nicht,existiert nicht,,,,,TV,öffentlich-rechtlich,
249,Mario Barth deckt auf!,1,5,existiert nicht,existiert nicht,https://www.facebook.com/mariobarthdecktauf,713127115532597,https://www.instagram.com/mariobarthdecktauf/,4612807788,,,,,TV,privat,
250,Markt,1,5,existiert nicht,existiert nicht,existiert nicht,existiert nicht,https://www.instagram.com/ndrmarkt/,45075869247,,,,,TV,öffentlich-rechtlich,
251,Marktcheck ,1,5,existiert nicht,existiert nicht,https://www.facebook.com/marktcheck,1397127203928851,existiert nicht,existiert nicht,,,,,TV,öffentlich-rechtlich,
252,Marlene,1,5,existiert nicht,existiert nicht,existiert nicht,existiert nicht,existiert nicht,existiert nicht,,,,,Radio,öffentlich-rechtlich,
253,Marlis Fertmann trifft…,1,5,existiert nicht,existiert nicht,existiert nicht,existiert nicht,existiert nicht,existiert nicht,,,,,Radio,öffentlich-rechtlich,
254,MDR Garten,1,5,existiert nicht,existiert nicht,https://www.facebook.com/mdrgarten,1462977473995710,https://www.instagram.com/mdr_garten/,7300029324,,,,,TV,öffentlich-rechtlich,
255,MDR Investigativ,1,5,existiert nicht,existiert nicht,https://www.facebook.com/mdrinvestigativ,171956279596183,https://www.instagram.com/mdrinvestigativ/,5883261572,,,,,TV,öffentlich-rechtlich,
256,MDR THÜRINGEN am Abend,1,5,existiert nicht,existiert nicht,existiert nicht,existiert nicht,existiert nicht,existiert nicht,,,,,Radio,öffentlich-rechtlich,
257,MDR THÜRINGEN mit Haase und Waage,1,5,existiert nicht,existiert nicht,existiert nicht,existiert nicht,existiert nicht,existiert nicht,,,,,Radio,öffentlich-rechtlich,
258,MDR um 4,1,5,https://twitter.com/MDRum4,2272337599,existiert nicht,existiert nicht,existiert nicht,existiert nicht,,,,,TV,öffentlich-rechtlich,
259,mehr/wert,1,5,existiert nicht,existiert nicht,existiert nicht,existiert nicht,existiert nicht,existiert nicht,,,,,TV,öffentlich-rechtlich,
260,Mein Nachmittag,1,5,existiert nicht,existiert nicht,https://www.facebook.com/meinnachmittag,181166661898172,existiert nicht,existiert nicht,,,,,TV,öffentlich-rechtlich,
261,Meister des Alltags,1,5,existiert nicht,existiert nicht,existiert nicht,existiert nicht,existiert nicht,existiert nicht,,,,,TV,öffentlich-rechtlich,
262,Meisterküche,1,5,existiert nicht,existiert nicht,existiert nicht,existiert nicht,existiert nicht,existiert nicht,,,,,TV,öffentlich-rechtlich,
263,Mensch Nachbar,1,5,existiert nicht,existiert nicht,existiert nicht,existiert nicht,existiert nicht,existiert nicht,,,,,Radio,öffentlich-rechtlich,
264,Menschen hautnah,1,5,https://twitter.com/menschenhautnah,1282783957,existiert nicht,existiert nicht,existiert nicht,existiert nicht,,,,,TV,öffentlich-rechtlich,
265,"Menschen, Bilder, Emotionen",1,5,existiert nicht,existiert nicht,existiert nicht,existiert nicht,existiert nicht,existiert nicht,,,,,TV,privat,
266,Mit viel Gefühl - Die schönsten Balladen,1,5,existiert nicht,existiert nicht,existiert nicht,existiert nicht,existiert nicht,existiert nicht,,,,,Radio,öffentlich-rechtlich,
267,Mittags in der Oberpfalz,1,5,existiert nicht,existiert nicht,existiert nicht,existiert nicht,existiert nicht,existiert nicht,,,,,Radio,öffentlich-rechtlich,
268,Mittags in Franken,1,5,existiert nicht,existiert nicht,existiert nicht,existiert nicht,existiert nicht,existiert nicht,,,,,Radio,öffentlich-rechtlich,
269,Mittags in Mittelfranken,1,5,existiert nicht,existiert nicht,existiert nicht,existiert nicht,existiert nicht,existiert nicht,,,,,Radio,öffentlich-rechtlich,
270,Mittags in Niederbayern,1,5,existiert nicht,existiert nicht,existiert nicht,existiert nicht,existiert nicht,existiert nicht,,,,,Radio,öffentlich-rechtlich,
271,Mittags in Oberfranken,1,5,existiert nicht,existiert nicht,existiert nicht,existiert nicht,existiert nicht,existiert nicht,,,,,Radio,öffentlich-rechtlich,
272,Mittags in Schwaben,1,5,existiert nicht,existiert nicht,existiert nicht,existiert nicht,existiert nicht,existiert nicht,,,,,Radio,öffentlich-rechtlich,
273,Mittags in Unterfranken,1,5,existiert nicht,existiert nicht,existiert nicht,existiert nicht,existiert nicht,existiert nicht,,,,,Radio,öffentlich-rechtlich,
274,Moin Schleswig-Holstein - mit Mandy Schmidt und Horst Hoof,1,5,existiert nicht,existiert nicht,existiert nicht,existiert nicht,existiert nicht,existiert nicht,,,,,Radio,öffentlich-rechtlich,
275,Moin! Der Tag in Schleswig-Holstein,1,5,existiert nicht,existiert nicht,existiert nicht,existiert nicht,existiert nicht,existiert nicht,,,,,Radio,öffentlich-rechtlich,
276,Moin! Schleswig-Holstein - Mein Sonntagsabend,1,5,existiert nicht,existiert nicht,existiert nicht,existiert nicht,existiert nicht,existiert nicht,,,,,Radio,öffentlich-rechtlich,
277,Moin! Schleswig-Holstein - Von Binnenland und Waterkant,1,5,existiert nicht,existiert nicht,existiert nicht,existiert nicht,existiert nicht,existiert nicht,,,,,Radio,öffentlich-rechtlich,
278,Moin! Schleswig-Holstein - Zur Sache,1,5,existiert nicht,existiert nicht,existiert nicht,existiert nicht,existiert nicht,existiert nicht,,,,,Radio,öffentlich-rechtlich,
279,Mord mit Aussicht,1,5,existiert nicht,existiert nicht,existiert nicht,existiert nicht,existiert nicht,existiert nicht,,,,,TV,öffentlich-rechtlich,
280,Morgenfeiern,1,5,existiert nicht,existiert nicht,existiert nicht,existiert nicht,existiert nicht,existiert nicht,,,,,Radio,öffentlich-rechtlich,
281,motzgurke-tv (Kindersendung),1,5,existiert nicht,existiert nicht,existiert nicht,existiert nicht,existiert nicht,existiert nicht,,,,,TV,öffentlich-rechtlich,
282,Münchener Runde,1,5,existiert nicht,existiert nicht,existiert nicht,existiert nicht,existiert nicht,existiert nicht,,,,,TV,öffentlich-rechtlich,
283,Musik Klub Country,1,5,existiert nicht,existiert nicht,existiert nicht,existiert nicht,existiert nicht,existiert nicht,,,,,Radio,öffentlich-rechtlich,
284,Musik Klub Deutschland,1,5,existiert nicht,existiert nicht,existiert nicht,existiert nicht,existiert nicht,existiert nicht,,,,,Radio,öffentlich-rechtlich,
285,Musik Klub Rock,1,5,existiert nicht,existiert nicht,existiert nicht,existiert nicht,existiert nicht,existiert nicht,,,,,Radio,öffentlich-rechtlich,
286,Musik Klub Soul,1,5,existiert nicht,existiert nicht,existiert nicht,existiert nicht,existiert nicht,existiert nicht,,,,,Radio,öffentlich-rechtlich,
287,Musikgeschichten,1,5,existiert nicht,existiert nicht,existiert nicht,existiert nicht,existiert nicht,existiert nicht,,,,,Radio,öffentlich-rechtlich,
288,Nachrischde uff Platt,1,5,existiert nicht,existiert nicht,existiert nicht,existiert nicht,existiert nicht,existiert nicht,,,,,Radio,öffentlich-rechtlich,
289,Nachtcafé,1,5,existiert nicht,existiert nicht,https://www.facebook.com/NachtcafeTalkshow,288910434483079,existiert nicht,existiert nicht,,,,,TV,öffentlich-rechtlich,
290,Nachtmusik,1,5,existiert nicht,existiert nicht,existiert nicht,existiert nicht,existiert nicht,existiert nicht,,,,,Radio,öffentlich-rechtlich,
291,Nachtprogramm,1,5,existiert nicht,existiert nicht,existiert nicht,existiert nicht,existiert nicht,existiert nicht,,,,,Radio,öffentlich-rechtlich,
292,NANO,1,5,existiert nicht,existiert nicht,https://www.facebook.com/3satnano,154069321288637,existiert nicht,existiert nicht,,,,,TV,öffentlich-rechtlich,
293,NDR 1 Radio MV Wochenende,1,5,existiert nicht,existiert nicht,existiert nicht,existiert nicht,existiert nicht,existiert nicht,,,,,Radio,öffentlich-rechtlich,
294,NDR Doku,1,5,https://twitter.com/ndrdoku,574536024,https://www.facebook.com/ndrdoku,394019337281060,https://www.instagram.com/ndrdoku/,5993108769,,,,,TV,öffentlich-rechtlich,
295,NDR Elbphilharmonie Orchester,1,5,existiert nicht,existiert nicht,https://www.facebook.com/ndrelbphilharmonieorchester,100019140083158,https://www.instagram.com/ndr.eo/,40048348859,,,,,Radio,öffentlich-rechtlich,
296,NDR Kulturjournal,1,5,https://twitter.com/kulturjournal,19333498,https://www.facebook.com/ndrkultur,176937103705,existiert nicht,existiert nicht,,,,,TV,öffentlich-rechtlich,
297,NDR Netzwelt ,1,5,https://twitter.com/ndrnetzwelt,589157784,existiert nicht,existiert nicht,existiert nicht,existiert nicht,,,,,TV,öffentlich-rechtlich,
298,NDR Plietsch ,1,5,https://twitter.com/plietsch,28828757,existiert nicht,existiert nicht,existiert nicht,existiert nicht,,,,,TV,öffentlich-rechtlich,
299,NDR Radiophilharmonie,1,5,existiert nicht,existiert nicht,https://www.facebook.com/NDRRadiophilharmonie,134282593408290,existiert nicht,existiert nicht,,,,,Radio,öffentlich-rechtlich,
300,NDR Schleswig-Holstein Magazin,1,5,existiert nicht,existiert nicht,existiert nicht,existiert nicht,existiert nicht,existiert nicht,,,,,TV,öffentlich-rechtlich,
301,NDR Talk Show,1,5,existiert nicht,existiert nicht,https://www.facebook.com/ndrtalkshow,168848746495298,existiert nicht,existiert nicht,,,,,TV,öffentlich-rechtlich,
302,NDR Weltbilder,1,5,https://twitter.com/ndrweltbilder,2893230676,https://www.facebook.com/weltbilder,181601508522791,existiert nicht,existiert nicht,,,,,TV,öffentlich-rechtlich,
303,NDR Zapp,1,5,https://twitter.com/zappmm,71277496,https://www.facebook.com/ZappMM,554650928034923,https://www.instagram.com/zapp.medienmagazin/,46189036599,,,,,TV,öffentlich-rechtlich,
304,Neumann und Böhling,1,5,existiert nicht,existiert nicht,existiert nicht,existiert nicht,existiert nicht,existiert nicht,,,,,Radio,öffentlich-rechtlich,
305,Ninja Warrior Germany,1,5,https://twitter.com/ninjawarriorrtl,800821217779445761,https://www.facebook.com/NinjaWarriorGermany.RTL,959361844138648,https://www.instagram.com/ninja_warrior_germany/,4755475689,,,,,TV,privat,
306,Nordmagazin,1,5,existiert nicht,existiert nicht,existiert nicht,existiert nicht,existiert nicht,existiert nicht,,,,,TV,öffentlich-rechtlich,
307,Nordtour,1,5,existiert nicht,existiert nicht,existiert nicht,existiert nicht,existiert nicht,existiert nicht,,,,,TV,öffentlich-rechtlich,
308,odysso,1,5,existiert nicht,existiert nicht,https://www.facebook.com/SWRWissen,326695877363875,existiert nicht,existiert nicht,,,,,TV,öffentlich-rechtlich,
309,Oldieabend,1,5,existiert nicht,existiert nicht,existiert nicht,existiert nicht,existiert nicht,existiert nicht,,,,,Radio,öffentlich-rechtlich,
310,Oldieabend,1,5,existiert nicht,existiert nicht,existiert nicht,existiert nicht,existiert nicht,existiert nicht,,,,,Radio,öffentlich-rechtlich,
311,Panorama,1,5,existiert nicht,existiert nicht,existiert nicht,existiert nicht,existiert nicht,existiert nicht,,,,,TV,öffentlich-rechtlich,
312,Partyzeit,1,5,existiert nicht,existiert nicht,existiert nicht,existiert nicht,existiert nicht,existiert nicht,,,,,Radio,öffentlich-rechtlich,
313,Pique Dame,1,5,existiert nicht,existiert nicht,existiert nicht,existiert nicht,existiert nicht,existiert nicht,,,,,Radio,öffentlich-rechtlich,
314,Plattdeutsch,1,5,existiert nicht,existiert nicht,existiert nicht,existiert nicht,existiert nicht,existiert nicht,,,,,Radio,öffentlich-rechtlich,
315,Plattdütch an'n Sünndag,1,5,existiert nicht,existiert nicht,existiert nicht,existiert nicht,existiert nicht,existiert nicht,,,,,Radio,öffentlich-rechtlich,
316,Polizeiruf 110,1,5,https://twitter.com/Polizeiruf110,1946946661,https://www.facebook.com/Polizeiruf110,215831812906,existiert nicht,existiert nicht,,,,,TV,öffentlich-rechtlich,
317,Pop nach Zehn,1,5,existiert nicht,existiert nicht,existiert nicht,existiert nicht,existiert nicht,existiert nicht,,,,,Radio,öffentlich-rechtlich,
318,POP!,1,5,existiert nicht,existiert nicht,existiert nicht,existiert nicht,existiert nicht,existiert nicht,,,,,Radio,öffentlich-rechtlich,
319,Precht,1,5,existiert nicht,existiert nicht,existiert nicht,existiert nicht,existiert nicht,existiert nicht,,,,,TV,öffentlich-rechtlich,
320,Prince Charming,1,5,existiert nicht,existiert nicht,existiert nicht,existiert nicht,existiert nicht,existiert nicht,,,,,TV,privat,
321,Princess Charming,1,5,existiert nicht,existiert nicht,existiert nicht,existiert nicht,https://www.instagram.com/charmings.official/,21288096024,,,,,TV,privat,
322,Prominent!,1,5,existiert nicht,existiert nicht,https://www.facebook.com/voxprominent,144722518914405,https://www.instagram.com/vox_prominent/,3968007334,,,,,TV,privat,
323,Quarks,1,5,https://twitter.com/quarkswdr,2250114852,https://www.facebook.com/quarks.de,399241730563,https://www.instagram.com/quarks.de/,7246472504,,,,,TV,öffentlich-rechtlich,
324,Quer mit Christoph Süß,1,5,https://twitter.com/br_quer,47323734,https://www.facebook.com/quer,103687920727,https://www.instagram.com/quer_vom_br/,3627705227,,,,,TV,öffentlich-rechtlich,
325,Quiz ohne Grenzen,1,5,existiert nicht,existiert nicht,existiert nicht,existiert nicht,existiert nicht,existiert nicht,,,,,TV,öffentlich-rechtlich,
326,Quizduell im Ersten,1,5,https://twitter.com/quizduell_tv,2446813010,https://www.facebook.com/QuizduellimErsten,230157493849600,https://www.instagram.com/quizduellimersten/,10216363316,,,,,TV,öffentlich-rechtlich,
327,Radio Pomerania,1,5,existiert nicht,existiert nicht,existiert nicht,existiert nicht,existiert nicht,existiert nicht,,,,,Radio,öffentlich-rechtlich,
328,Radiokirche auf NDR 1 Niedersachsen,1,5,https://twitter.com/KircheimNDR,196138557,https://www.facebook.com/KircheimNDR/,850743671661412,https://www.instagram.com/kirche_im_ndr,3054958456,,,,,Radio,öffentlich-rechtlich,
329,Ramm am Nachmittag,1,5,existiert nicht,existiert nicht,existiert nicht,existiert nicht,existiert nicht,existiert nicht,,,,,Radio,öffentlich-rechtlich,
330,Ratgeber,1,5,existiert nicht,existiert nicht,existiert nicht,existiert nicht,existiert nicht,existiert nicht,,,,,Radio,öffentlich-rechtlich,
331,rbb Praxis,1,5,existiert nicht,existiert nicht,existiert nicht,existiert nicht,existiert nicht,existiert nicht,,,,,TV,öffentlich-rechtlich,
332,"red! Stars, Lifestyle & More",1,5,existiert nicht,existiert nicht,https://www.facebook.com/red.prosieben,133997546665587,https://www.instagram.com/redprosieben/,1444567553,,,,,TV,privat,
333,Region,1,5,existiert nicht,existiert nicht,existiert nicht,existiert nicht,existiert nicht,existiert nicht,,,,,Radio,öffentlich-rechtlich,
334,Ringlstetter,1,5,existiert nicht,existiert nicht,https://www.facebook.com/Ringlstetter.tv,190393418035966,existiert nicht,existiert nicht,,,,,TV,öffentlich-rechtlich,
335,RTL Topnews,1,5,https://twitter.com/RtlTopnews,1435988050199339014,https://www.facebook.com/rtltopnews,107474045010557,https://www.instagram.com/rtltopnews/,49311988222,,,,,TV,privat,
336,RTL-Spendenmarathon,1,5,existiert nicht,existiert nicht,https://www.facebook.com/RTLWirHelfenKindern,146195955458969,existiert nicht,existiert nicht,,,,,TV,privat,
337,Sag die Wahrheit,1,5,existiert nicht,existiert nicht,existiert nicht,existiert nicht,existiert nicht,existiert nicht,,,,,TV,öffentlich-rechtlich,
338,Sat-1 Frühstücksfernsehen,1,5,https://twitter.com/sat1ffs,105797071,https://www.facebook.com/fruehstuecksfernsehen,122474347825021,https://www.instagram.com/fruehstuecksfernsehen/,3126279307,,,,,TV,privat,
339,Schlag den Besten,1,5,existiert nicht,existiert nicht,existiert nicht,existiert nicht,existiert nicht,existiert nicht,,,,,TV,privat,
340,Schlag den Star,1,5,existiert nicht,existiert nicht,https://www.facebook.com/schlagdenstar,43844822585,https://www.instagram.com/schlagdenstar/,3889080672,,,,,TV,privat,
341,Schlager-Hitparade,1,5,existiert nicht,existiert nicht,existiert nicht,existiert nicht,existiert nicht,existiert nicht,,,,,Radio,öffentlich-rechtlich,
342,SchleichFernsehen,1,5,existiert nicht,existiert nicht,existiert nicht,existiert nicht,existiert nicht,existiert nicht,,,,,TV,öffentlich-rechtlich,
343,Schleswig-Holstein Aktiv,1,5,existiert nicht,existiert nicht,existiert nicht,existiert nicht,existiert nicht,existiert nicht,,,,,Radio,öffentlich-rechtlich,
344,Schorse: Der Mann für alle Fälle,1,5,existiert nicht,existiert nicht,existiert nicht,existiert nicht,existiert nicht,existiert nicht,,,,,Radio,öffentlich-rechtlich,
345,Schwiegertochter gesucht,1,5,existiert nicht,existiert nicht,https://www.facebook.com/schwiegertochtergesucht,133545496657622,https://www.instagram.com/schwiegertochtergesucht.rtl/,37854720489,,,,,TV,privat,
346,Servicezeit WDR,1,5,existiert nicht,existiert nicht,existiert nicht,existiert nicht,existiert nicht,existiert nicht,,,,,TV,öffentlich-rechtlich,
347,Sing meinen Song – Das Tauschkonzert,1,5,existiert nicht,existiert nicht,https://www.facebook.com/SingMeinenSong.VOX,610043092408105,https://www.instagram.com/singmeinensong.vox/,13200751926,,,,,TV,privat,
348,Single Time,1,5,existiert nicht,existiert nicht,existiert nicht,existiert nicht,existiert nicht,existiert nicht,,,,,Radio,öffentlich-rechtlich,
349,So gesehen - Talk am Sonntag,1,5,existiert nicht,existiert nicht,https://www.facebook.com/sogesehentalkamsonntag,193654510644664,existiert nicht,existiert nicht,,,,,TV,privat,
350,SOKOs im ZDF (Krimiserie),1,5,existiert nicht,existiert nicht,existiert nicht,existiert nicht,existiert nicht,existiert nicht,,,,,TV,öffentlich-rechtlich,
351,Sonntags - Stammtisch,1,5,existiert nicht,existiert nicht,existiert nicht,existiert nicht,existiert nicht,existiert nicht,,,,,TV,öffentlich-rechtlich,
352,Sonntagscafé,1,5,existiert nicht,existiert nicht,existiert nicht,existiert nicht,existiert nicht,existiert nicht,,,,,Radio,öffentlich-rechtlich,
353,Sonntagsfragen,1,5,existiert nicht,existiert nicht,existiert nicht,existiert nicht,existiert nicht,existiert nicht,,,,,Radio,öffentlich-rechtlich,
354,Sonntagsshow,1,5,existiert nicht,existiert nicht,existiert nicht,existiert nicht,existiert nicht,existiert nicht,,,,,Radio,öffentlich-rechtlich,
355,Spätschicht – Die SWR Comedy Bühne,1,5,existiert nicht,existiert nicht,https://www.facebook.com/swrspaetschicht,222392221154173,existiert nicht,existiert nicht,,,,,TV,öffentlich-rechtlich,
356,Spielweisen,1,5,existiert nicht,existiert nicht,existiert nicht,existiert nicht,existiert nicht,existiert nicht,,,,,Radio,öffentlich-rechtlich,
357,Sport im Osten,1,5,existiert nicht,existiert nicht,https://www.facebook.com/mdrsport,238199569538032,https://www.instagram.com/spio_sportimosten/,8469162460,,,,,TV,öffentlich-rechtlich,
358,Sportplatz Hamburg,1,5,existiert nicht,existiert nicht,existiert nicht,existiert nicht,existiert nicht,existiert nicht,,,,,Radio,öffentlich-rechtlich,
359,Sportschau,1,5,https://twitter.com/sportschau,148269268,https://www.facebook.com/sportschau,53288989368,https://www.instagram.com/sportschau/,3147994949,,,,,TV,öffentlich-rechtlich,
360,Sportstudio-Reportage,1,5,existiert nicht,existiert nicht,existiert nicht,existiert nicht,existiert nicht,existiert nicht,,,,,TV,öffentlich-rechtlich,
361,SR 3-Krimitipp,1,5,existiert nicht,existiert nicht,existiert nicht,existiert nicht,existiert nicht,existiert nicht,,,,,Radio,öffentlich-rechtlich,
362,Stadion,1,5,existiert nicht,existiert nicht,existiert nicht,existiert nicht,existiert nicht,existiert nicht,,,,,Radio,öffentlich-rechtlich,
363,Stadt - Land - Quiz,1,5,existiert nicht,existiert nicht,existiert nicht,existiert nicht,existiert nicht,existiert nicht,,,,,TV,öffentlich-rechtlich,
364,strassenstars,1,5,https://twitter.com/strassenstars,768141846358921217,existiert nicht,existiert nicht,existiert nicht,existiert nicht,,,,,TV,öffentlich-rechtlich,
365,Studio Schmitt,1,5,existiert nicht,existiert nicht,existiert nicht,existiert nicht,https://www.instagram.com/studioschmitt/,40499219162,,,,,TV,öffentlich-rechtlich,
366,SUPER.MARKT,1,5,existiert nicht,existiert nicht,existiert nicht,existiert nicht,existiert nicht,existiert nicht,,,,,TV,öffentlich-rechtlich,
367,Surprise! Die Bruce Darnell Show,1,5,existiert nicht,existiert nicht,existiert nicht,existiert nicht,existiert nicht,existiert nicht,,,,,TV,privat,
368,SWR1 Baden-Württemberg,1,5,existiert nicht,existiert nicht,existiert nicht,existiert nicht,existiert nicht,existiert nicht,,,,,Radio,öffentlich-rechtlich,
369,SWR2 Wissen,1,5,https://twitter.com/swr2wissen,19709695,https://www.facebook.com/SWRWissen,326695877363875,existiert nicht,existiert nicht,,,,,TV,öffentlich-rechtlich,
370,taff,1,5,https://twitter.com/taffnet,36631628,https://www.facebook.com/taff,152537657280,https://www.instagram.com/taff/,3627324687,,,,,TV,privat,
371,Take Me Out,1,5,existiert nicht,existiert nicht,https://www.facebook.com/TakeMeOutDE,543535275810227,https://www.instagram.com/takemeout.rtl/,13634294895,,,,,TV,privat,
372,Tatort,1,5,https://twitter.com/tatort,161615867,https://www.facebook.com/Tatort,33214866692,https://www.instagram.com/tatort/,41315944191,,,,,TV,öffentlich-rechtlich,
373,Tele-Akademie,1,5,existiert nicht,existiert nicht,existiert nicht,existiert nicht,existiert nicht,existiert nicht,,,,,TV,öffentlich-rechtlich,
374,Tele-GYM,1,5,existiert nicht,existiert nicht,existiert nicht,existiert nicht,existiert nicht,existiert nicht,,,,,TV,öffentlich-rechtlich,
375,Terra X,1,5,existiert nicht,existiert nicht,https://www.facebook.com/ZDFterraX,312193427930,https://www.instagram.com/terrax/,3054614609,,,,,TV,öffentlich-rechtlich,
376,Terra Xplore,1,5,existiert nicht,existiert nicht,existiert nicht,existiert nicht,existiert nicht,existiert nicht,,,,,TV,öffentlich-rechtlich,
377,The Biggest Loser,1,5,https://twitter.com/biggestloserde,481529973,https://www.facebook.com/TheBiggestLoser.SAT1,352835338080871,https://www.instagram.com/thebiggestlosersat1/,6928231774,,,,,TV,privat,
378,The Masked Singer,1,5,https://twitter.com/MaskedSingerGER,1332782014152515587,https://www.facebook.com/masked.singer.germany,295890528025406,https://www.instagram.com/masked.singer.germany/,13685596454,,,,,TV,privat,
379,The Voice of Germany,1,5,https://twitter.com/TheVoiceGermany,291791040,https://www.facebook.com/TheVoiceOfGermany,210882252268708,https://www.instagram.com/thevoiceofgermany/,675284058,,,,,TV,privat,
380,Tierisch tierisch,1,5,existiert nicht,existiert nicht,https://www.facebook.com/tierisch,204078186289141,https://www.instagram.com/tierischtierisch/,18427754044,,,,,TV,öffentlich-rechtlich,
381,Treffpunkt Ü-Wagen,1,5,existiert nicht,existiert nicht,existiert nicht,existiert nicht,existiert nicht,existiert nicht,,,,,Radio,öffentlich-rechtlich,
382,ttt - titel thesen temperamente,1,5,existiert nicht,existiert nicht,https://www.facebook.com/TitelThesenTemperamente,136753846360776,https://www.instagram.com/ttt_titel_thesen_temperamente/,21927283694,,,,,TV,öffentlich-rechtlich,
383,TV Total,1,5,https://twitter.com/tvtotal,16509586,https://www.facebook.com/tvtotal,10250319811,https://www.instagram.com/tvtotal/,1657488896,,,,,TV,privat,
384,Ü40 - Fabelhaft Feiern,1,5,existiert nicht,existiert nicht,existiert nicht,existiert nicht,existiert nicht,existiert nicht,,,,,Radio,öffentlich-rechtlich,
385,UM6 – Das Ländermagazin,1,5,existiert nicht,existiert nicht,existiert nicht,existiert nicht,existiert nicht,existiert nicht,,,,,TV,öffentlich-rechtlich,
386,Umschau,1,5,existiert nicht,existiert nicht,existiert nicht,existiert nicht,existiert nicht,existiert nicht,,,,,TV,öffentlich-rechtlich,
387,Uncovered mit Thilo Mischke,1,5,existiert nicht,existiert nicht,existiert nicht,existiert nicht,existiert nicht,existiert nicht,,,,,TV,privat,
388,Undercover Boss,1,5,existiert nicht,existiert nicht,existiert nicht,existiert nicht,existiert nicht,existiert nicht,,,,,TV,privat,
389,Unkraut,1,5,existiert nicht,existiert nicht,existiert nicht,existiert nicht,existiert nicht,existiert nicht,,,,,TV,öffentlich-rechtlich,
390,Unser Thema,1,5,existiert nicht,existiert nicht,existiert nicht,existiert nicht,existiert nicht,existiert nicht,,,,,Radio,öffentlich-rechtlich,
391,Unser Thema - Sportland,1,5,existiert nicht,existiert nicht,existiert nicht,existiert nicht,existiert nicht,existiert nicht,,,,,Radio,öffentlich-rechtlich,
392,Unsere Oldies,1,5,existiert nicht,existiert nicht,existiert nicht,existiert nicht,existiert nicht,existiert nicht,,,,,Radio,öffentlich-rechtlich,
393,Vermisst,1,5,existiert nicht,existiert nicht,https://www.facebook.com/RTLVermisst,110938122311316,existiert nicht,existiert nicht,,,,,TV,privat,
394,Verstehen Sie Spaß?,1,5,https://twitter.com/VSSpass,128160071,https://www.facebook.com/vsspass,104955726207834,https://www.instagram.com/vsspass/,248162781,,,,,TV,öffentlich-rechtlich,
395,Viel Spaß bei der Arbeit,1,5,existiert nicht,existiert nicht,existiert nicht,existiert nicht,existiert nicht,existiert nicht,,,,,Radio,öffentlich-rechtlich,
396,Visite,1,5,existiert nicht,existiert nicht,https://www.facebook.com/VisiteNDR,395647370461038,existiert nicht,existiert nicht,,,,,TV,öffentlich-rechtlich,
397,Visite - Das Gesundheitsmagazin,1,5,existiert nicht,existiert nicht,existiert nicht,existiert nicht,existiert nicht,existiert nicht,,,,,Radio,öffentlich-rechtlich,
398,Voll verschossen mit Ralf Schmitz,1,5,existiert nicht,existiert nicht,existiert nicht,existiert nicht,existiert nicht,existiert nicht,,,,,TV,privat,
399,Vorhang auf! - Die besten Film- und Musical-Melodien,1,5,existiert nicht,existiert nicht,existiert nicht,existiert nicht,existiert nicht,existiert nicht,,,,,Radio,öffentlich-rechtlich,
400,Vorsicht Leif,1,5,existiert nicht,existiert nicht,existiert nicht,existiert nicht,existiert nicht,existiert nicht,,,,,Radio,öffentlich-rechtlich,
401,Voss & Team,1,5,existiert nicht,existiert nicht,existiert nicht,existiert nicht,existiert nicht,existiert nicht,,,,,TV,öffentlich-rechtlich,
402,W Wie Wissen,1,5,https://twitter.com/wwiewissen,78372489,https://www.facebook.com/wwiewissen,179742162755,https://www.instagram.com/wwiewissen/,10181984199,,,,,TV,öffentlich-rechtlich,
403,WaPo Bodensee,1,5,existiert nicht,existiert nicht,existiert nicht,existiert nicht,https://www.instagram.com/wapo_bodensee/,5863746386,,,,,TV,öffentlich-rechtlich,
404,Warum wir so reden wie ma schwätze,1,5,existiert nicht,existiert nicht,existiert nicht,existiert nicht,existiert nicht,existiert nicht,,,,,Radio,öffentlich-rechtlich,
405,WDR Doku,1,5,existiert nicht,existiert nicht,existiert nicht,existiert nicht,https://www.instagram.com/21gramm.wdr/,10681449107,,,,,TV,öffentlich-rechtlich,
406,Weltzeit,1,5,existiert nicht,existiert nicht,existiert nicht,existiert nicht,existiert nicht,existiert nicht,,,,,Radio,öffentlich-rechtlich,
407,Wer stiehlt mir die Show?,1,5,existiert nicht,existiert nicht,existiert nicht,existiert nicht,existiert nicht,existiert nicht,,,,,TV,privat,
408,Wer weiß denn sowas?,1,5,existiert nicht,existiert nicht,https://www.facebook.com/werweissdennsowas,1612724332384105,https://www.instagram.com/werweissdennsowas_official/,5542870226,,,,,TV,öffentlich-rechtlich,
409,Wer wird Millionär,1,5,existiert nicht,existiert nicht,https://www.facebook.com/werwirdmillionaer,128135430589858,existiert nicht,existiert nicht,,,,,TV,öffentlich-rechtlich,
410,Westpol,1,5,https://twitter.com/Westpol,927897264651202560,existiert nicht,existiert nicht,existiert nicht,existiert nicht,,,,,TV,öffentlich-rechtlich,
411,Wi snackt Platt,1,5,existiert nicht,existiert nicht,existiert nicht,existiert nicht,existiert nicht,existiert nicht,,,,,Radio,öffentlich-rechtlich,
412,Wir im Saarland – Saar nur!,1,5,existiert nicht,existiert nicht,existiert nicht,existiert nicht,existiert nicht,existiert nicht,,,,,TV,öffentlich-rechtlich,
413,Wir in Niedersachsen,1,5,existiert nicht,existiert nicht,existiert nicht,existiert nicht,existiert nicht,existiert nicht,,,,,Radio,öffentlich-rechtlich,
414,Wir sind die Freeses,1,5,existiert nicht,existiert nicht,https://www.facebook.com/wirsinddiefreeses,100044423766741,existiert nicht,existiert nicht,,,,,Radio,öffentlich-rechtlich,
415,WISO ZDF,1,5,https://twitter.com/ZDFwiso,17900147,https://www.facebook.com/ZDFwiso,54402378858,https://www.instagram.com/zdfwiso/,11105351982,,,,,TV,öffentlich-rechtlich,
416,wissen aktuell,1,5,existiert nicht,existiert nicht,existiert nicht,existiert nicht,existiert nicht,existiert nicht,,,,,TV,öffentlich-rechtlich,
417,Wunschkonzert,1,5,existiert nicht,existiert nicht,existiert nicht,existiert nicht,existiert nicht,existiert nicht,,,,,Radio,öffentlich-rechtlich,
418,ZDF History,1,5,existiert nicht,existiert nicht,existiert nicht,existiert nicht,existiert nicht,existiert nicht,,,,,TV,öffentlich-rechtlich,
419,ZDF Neo Magazin Royale,1,5,https://twitter.com/zdfmagazin,1335048846,https://www.facebook.com/zdfmagazinroyale,297467490383762,https://www.instagram.com/zdf_magazin_royale/,1955201613,,,,,TV,öffentlich-rechtlich,
420,ZDF SportReportage,1,5,existiert nicht,existiert nicht,existiert nicht,existiert nicht,existiert nicht,existiert nicht,,,,,TV,öffentlich-rechtlich,
421,ZDFzoom,1,5,https://twitter.com/ZDFzoom,3067716681,https://www.facebook.com/ZDFzoom/,716880528430731,existiert nicht,existiert nicht,,,,,TV,öffentlich-rechtlich,
422,Zeiglers wunderbare Welt des Fußball,1,5,https://twitter.com/zwwdf,273582513,https://www.facebook.com/zeiglerswelt,273426262942,existiert nicht,existiert nicht,,,,,TV,öffentlich-rechtlich,
423,Zervakis & Opdenhövel. Live.,1,5,existiert nicht,existiert nicht,https://www.facebook.com/zolprosieben,105205171835668,https://www.instagram.com/zolprosieben/,48018871255,,,,,TV,privat,
424,Zum Glück: Die Serie rund um das Glücklichsein,1,5,existiert nicht,existiert nicht,existiert nicht,existiert nicht,existiert nicht,existiert nicht,,,,,Radio,öffentlich-rechtlich,
425,Zwölfuhrläuten,1,5,existiert nicht,existiert nicht,existiert nicht,existiert nicht,existiert nicht,existiert nicht,,,,,Radio,öffentlich-rechtlich,
